product_id,shop_id,name,price
P0001,S002,Product 1,771161
P0002,S003,Product 2,571448
P0003,S004,Product 3,545384
P0004,S005,Product 4,654799
P0005,S006,Product 5,559712
P0006,S007,Product 6,778700
P0007,S008,Product 7,648309
P0008,S009,Product 8,979890
P0009,S010,Product 9,250678
P0010,S011,Product 10,728468
P0011,S012,Product 11,580323
P0012,S013,Product 12,864811
P0013,S014,Product 13,793595
P0014,S015,Product 14,299933
P0015,S016,Product 15,942881
P0016,S017,Product 16,984867
P0017,S018,Product 17,425852
P0018,S019,Product 18,558238
P0020,S021,Product 20,146133
P0021,S022,Product 21,559092
P0022,S023,Product 22,655919
P0023,S024,Product 23,503138
P0024,S025,Product 24,844471
P0026,S027,Product 26,677031
P0027,S028,Product 27,946700
P0029,S030,Product 29,837834
P0030,S031,Product 30,359446
P0031,S032,Product 31,415992
P0032,S033,Product 32,155827
P0033,S034,Product 33,590038
P0034,S035,Product 34,584987
P0035,S036,Product 35,985482
P0036,S037,Product 36,550853
P0037,S038,Product 37,450428
P0040,S041,Product 40,207305
P0041,S042,Product 41,596442
P0042,S043,Product 42,727999
P0043,S044,Product 43,380793
P0044,S045,Product 44,863133
P0045,S046,Product 45,745835
P0046,S047,Product 46,995488
P0047,S048,Product 47,181601
P0048,S049,Product 48,939860
P0049,S050,Product 49,546693
P0051,S052,Product 51,847051
P0052,S053,Product 52,552774
P0053,S054,Product 53,320540
P0054,S055,Product 54,241426
P0055,S056,Product 55,755853
P0056,S057,Product 56,918616
P0057,S058,Product 57,194852
P0060,S061,Product 60,283043
P0061,S062,Product 61,761427
P0062,S063,Product 62,618999
P0063,S064,Product 63,836771
P0064,S065,Product 64,183620
P0065,S066,Product 65,631845
P0066,S067,Product 66,279333
P0067,S068,Product 67,574125
P0068,S069,Product 68,151519
P0069,S070,Product 69,178649
P0070,S071,Product 70,626503
P0071,S072,Product 71,768638
P0072,S073,Product 72,477617
P0073,S074,Product 73,931673
P0074,S075,Product 74,335909
P0076,S077,Product 76,253649
P0077,S078,Product 77,472663
P0080,S081,Product 80,676225
P0081,S082,Product 81,504626
P0082,S083,Product 82,403415
P0083,S084,Product 83,413600
P0084,S085,Product 84,588247
P0085,S086,Product 85,726648
P0086,S087,Product 86,504269
P0087,S088,Product 87,945216
P0089,S090,Product 89,795878
P0090,S091,Product 90,909690
P0091,S092,Product 91,985084
P0092,S093,Product 92,753916
P0093,S094,Product 93,483786
P0094,S095,Product 94,193941
P0095,S096,Product 95,595287
P0096,S097,Product 96,469227
P0097,S098,Product 97,708777
P0098,S099,Product 98,672906
P0101,S102,Product 101,335197
P0102,S103,Product 102,606733
P0103,S104,Product 103,245774
P0104,S105,Product 104,476604
P0105,S106,Product 105,292854
P0106,S107,Product 106,718076
P0107,S108,Product 107,120926
P0108,S109,Product 108,974363
P0109,S110,Product 109,196066
P0110,S111,Product 110,182033
P0111,S112,Product 111,888313
P0112,S113,Product 112,714527
P0113,S114,Product 113,508103
P0114,S115,Product 114,503936
P0115,S116,Product 115,201372
P0116,S117,Product 116,340570
P0117,S118,Product 117,769580
P0120,S121,Product 120,239915
P0121,S122,Product 121,770328
P0122,S123,Product 122,533408
P0123,S124,Product 123,161254
P0124,S125,Product 124,518596
P0126,S127,Product 126,840099
P0127,S128,Product 127,541686
P0128,S129,Product 128,455293
P0129,S130,Product 129,980103
P0130,S131,Product 130,294013
P0131,S132,Product 131,137093
P0132,S133,Product 132,189012
P0133,S134,Product 133,710986
P0134,S135,Product 134,814217
P0135,S136,Product 135,895275
P0136,S137,Product 136,272702
P0137,S138,Product 137,174934
P0138,S139,Product 138,603415
P0140,S141,Product 140,474895
P0141,S142,Product 141,414543
P0142,S143,Product 142,346567
P0143,S144,Product 143,202264
P0144,S145,Product 144,144994
P0145,S146,Product 145,426695
P0146,S147,Product 146,249859
P0147,S148,Product 147,625698
P0149,S150,Product 149,335068
P0151,S152,Product 151,869324
P0152,S153,Product 152,672869
P0153,S154,Product 153,346398
P0154,S155,Product 154,171252
P0155,S156,Product 155,414251
P0156,S157,Product 156,562737
P0157,S158,Product 157,241679
P0160,S161,Product 160,769549
P0161,S162,Product 161,880899
P0162,S163,Product 162,234292
P0163,S164,Product 163,796450
P0164,S165,Product 164,583606
P0165,S166,Product 165,324582
P0166,S167,Product 166,316718
P0167,S168,Product 167,455833
P0168,S169,Product 168,406252
P0169,S170,Product 169,659869
P0170,S171,Product 170,213897
P0171,S172,Product 171,521418
P0172,S173,Product 172,964033
P0173,S174,Product 173,568388
P0174,S175,Product 174,293387
P0176,S177,Product 176,526013
P0177,S178,Product 177,400791
P0180,S181,Product 180,950636
P0181,S182,Product 181,201548
P0182,S183,Product 182,522162
P0183,S184,Product 183,250828
P0184,S185,Product 184,671940
P0185,S186,Product 185,241918
P0186,S187,Product 186,887722
P0187,S188,Product 187,478769
P0188,S189,Product 188,438614
P0189,S190,Product 189,786308
P0190,S191,Product 190,890497
P0191,S192,Product 191,408714
P0192,S193,Product 192,923664
P0193,S194,Product 193,748160
P0194,S195,Product 194,508961
P0195,S196,Product 195,219152
P0196,S197,Product 196,580397
P0197,S198,Product 197,893780
P0201,S002,Product 201,170446
P0202,S003,Product 202,713255
P0203,S004,Product 203,465697
P0204,S005,Product 204,526502
P0205,S006,Product 205,484452
P0206,S007,Product 206,246642
P0207,S008,Product 207,960081
P0208,S009,Product 208,297093
P0209,S010,Product 209,664858
P0210,S011,Product 210,646275
P0211,S012,Product 211,987519
P0212,S013,Product 212,505633
P0213,S014,Product 213,470593
P0214,S015,Product 214,184179
P0215,S016,Product 215,381380
P0216,S017,Product 216,978910
P0217,S018,Product 217,611353
P0218,S019,Product 218,334805
P0220,S021,Product 220,719847
P0221,S022,Product 221,689239
P0222,S023,Product 222,443768
P0223,S024,Product 223,435207
P0224,S025,Product 224,764762
P0226,S027,Product 226,155034
P0227,S028,Product 227,777971
P0229,S030,Product 229,543991
P0230,S031,Product 230,797092
P0231,S032,Product 231,642330
P0232,S033,Product 232,339164
P0233,S034,Product 233,396877
P0234,S035,Product 234,219974
P0235,S036,Product 235,253181
P0236,S037,Product 236,243857
P0237,S038,Product 237,623987
P0240,S041,Product 240,658798
P0241,S042,Product 241,897173
P0242,S043,Product 242,955464
P0243,S044,Product 243,298045
P0244,S045,Product 244,326009
P0245,S046,Product 245,505053
P0246,S047,Product 246,344398
P0247,S048,Product 247,244696
P0248,S049,Product 248,226692
P0249,S050,Product 249,969206
P0251,S052,Product 251,627019
P0252,S053,Product 252,311033
P0253,S054,Product 253,254667
P0254,S055,Product 254,697872
P0255,S056,Product 255,570943
P0256,S057,Product 256,615775
P0257,S058,Product 257,791150
P0260,S061,Product 260,418667
P0261,S062,Product 261,860661
P0262,S063,Product 262,321341
P0263,S064,Product 263,995349
P0264,S065,Product 264,524549
P0265,S066,Product 265,887039
P0266,S067,Product 266,786136
P0267,S068,Product 267,520835
P0268,S069,Product 268,802838
P0269,S070,Product 269,399285
P0270,S071,Product 270,156919
P0271,S072,Product 271,966740
P0272,S073,Product 272,836331
P0273,S074,Product 273,813931
P0274,S075,Product 274,414775
P0276,S077,Product 276,362921
P0277,S078,Product 277,165797
P0280,S081,Product 280,179053
P0281,S082,Product 281,713366
P0282,S083,Product 282,768671
P0283,S084,Product 283,542599
P0284,S085,Product 284,250334
P0285,S086,Product 285,936548
P0286,S087,Product 286,677149
P0287,S088,Product 287,916888
P0289,S090,Product 289,148072
P0290,S091,Product 290,556923
P0291,S092,Product 291,902759
P0292,S093,Product 292,270681
P0293,S094,Product 293,745777
P0294,S095,Product 294,762223
P0295,S096,Product 295,557168
P0296,S097,Product 296,394378
P0297,S098,Product 297,254760
P0298,S099,Product 298,156914
P0301,S102,Product 301,589614
P0302,S103,Product 302,282845
P0303,S104,Product 303,720278
P0304,S105,Product 304,979281
P0305,S106,Product 305,687937
P0306,S107,Product 306,240770
P0307,S108,Product 307,956303
P0308,S109,Product 308,840995
P0309,S110,Product 309,756157
P0310,S111,Product 310,347368
P0311,S112,Product 311,499168
P0312,S113,Product 312,485643
P0313,S114,Product 313,541216
P0314,S115,Product 314,875172
P0315,S116,Product 315,640500
P0316,S117,Product 316,252524
P0317,S118,Product 317,203910
P0320,S121,Product 320,570952
P0321,S122,Product 321,173971
P0322,S123,Product 322,929741
P0323,S124,Product 323,456224
P0324,S125,Product 324,743405
P0326,S127,Product 326,533999
P0327,S128,Product 327,792209
P0328,S129,Product 328,751871
P0329,S130,Product 329,802699
P0330,S131,Product 330,565096
P0331,S132,Product 331,817309
P0332,S133,Product 332,665790
P0333,S134,Product 333,142306
P0334,S135,Product 334,456821
P0335,S136,Product 335,637919
P0336,S137,Product 336,390292
P0337,S138,Product 337,431802
P0338,S139,Product 338,882718
P0340,S141,Product 340,262397
P0341,S142,Product 341,964970
P0342,S143,Product 342,532462
P0343,S144,Product 343,819933
P0344,S145,Product 344,261491
P0345,S146,Product 345,196501
P0346,S147,Product 346,434416
P0347,S148,Product 347,957428
P0349,S150,Product 349,958453
P0351,S152,Product 351,667963
P0352,S153,Product 352,720084
P0353,S154,Product 353,496947
P0354,S155,Product 354,156185
P0355,S156,Product 355,679326
P0356,S157,Product 356,110266
P0357,S158,Product 357,408691
P0360,S161,Product 360,878743
P0361,S162,Product 361,967052
P0362,S163,Product 362,653422
P0363,S164,Product 363,702009
P0364,S165,Product 364,314665
P0365,S166,Product 365,525972
P0366,S167,Product 366,404212
P0367,S168,Product 367,865394
P0368,S169,Product 368,375431
P0369,S170,Product 369,887483
P0370,S171,Product 370,629503
P0371,S172,Product 371,453868
P0372,S173,Product 372,799210
P0373,S174,Product 373,868270
P0374,S175,Product 374,778848
P0376,S177,Product 376,463577
P0377,S178,Product 377,227196
P0380,S181,Product 380,298223
P0381,S182,Product 381,278965
P0382,S183,Product 382,930852
P0383,S184,Product 383,596461
P0384,S185,Product 384,898027
P0385,S186,Product 385,547278
P0386,S187,Product 386,209971
P0387,S188,Product 387,729668
P0388,S189,Product 388,729364
P0389,S190,Product 389,225920
P0390,S191,Product 390,638215
P0391,S192,Product 391,457011
P0392,S193,Product 392,804551
P0393,S194,Product 393,554833
P0394,S195,Product 394,433848
P0395,S196,Product 395,582734
P0396,S197,Product 396,317599
P0397,S198,Product 397,932394
P0401,S002,Product 401,896679
P0402,S003,Product 402,581689
P0403,S004,Product 403,875416
P0404,S005,Product 404,141758
P0405,S006,Product 405,427694
P0406,S007,Product 406,463249
P0407,S008,Product 407,815965
P0408,S009,Product 408,889968
P0409,S010,Product 409,576023
P0410,S011,Product 410,101064
P0411,S012,Product 411,860672
P0412,S013,Product 412,763245
P0413,S014,Product 413,714250
P0414,S015,Product 414,342442
P0415,S016,Product 415,811695
P0416,S017,Product 416,760865
P0417,S018,Product 417,271429
P0418,S019,Product 418,529393
P0420,S021,Product 420,596368
P0421,S022,Product 421,459196
P0422,S023,Product 422,834823
P0423,S024,Product 423,661820
P0424,S025,Product 424,282083
P0426,S027,Product 426,258265
P0427,S028,Product 427,201378
P0429,S030,Product 429,716072
P0430,S031,Product 430,719796
P0431,S032,Product 431,179783
P0432,S033,Product 432,247216
P0433,S034,Product 433,428515
P0434,S035,Product 434,292192
P0435,S036,Product 435,320563
P0436,S037,Product 436,237134
P0437,S038,Product 437,982127
P0440,S041,Product 440,528877
P0441,S042,Product 441,545482
P0442,S043,Product 442,698525
P0443,S044,Product 443,430452
P0444,S045,Product 444,356836
P0445,S046,Product 445,672056
P0446,S047,Product 446,406952
P0447,S048,Product 447,625445
P0448,S049,Product 448,374537
P0449,S050,Product 449,174270
P0451,S052,Product 451,439516
P0452,S053,Product 452,478656
P0453,S054,Product 453,533930
P0454,S055,Product 454,822213
P0455,S056,Product 455,291898
P0456,S057,Product 456,118174
P0457,S058,Product 457,510512
P0460,S061,Product 460,695544
P0461,S062,Product 461,447856
P0462,S063,Product 462,568222
P0463,S064,Product 463,474609
P0464,S065,Product 464,981805
P0465,S066,Product 465,220787
P0466,S067,Product 466,672103
P0467,S068,Product 467,105025
P0468,S069,Product 468,747180
P0469,S070,Product 469,252403
P0470,S071,Product 470,876897
P0471,S072,Product 471,663786
P0472,S073,Product 472,713924
P0473,S074,Product 473,346490
P0474,S075,Product 474,717640
P0476,S077,Product 476,837350
P0477,S078,Product 477,972867
P0480,S081,Product 480,401560
P0481,S082,Product 481,313053
P0482,S083,Product 482,699366
P0483,S084,Product 483,490549
P0484,S085,Product 484,990777
P0485,S086,Product 485,963694
P0486,S087,Product 486,792116
P0487,S088,Product 487,207121
P0489,S090,Product 489,797012
P0490,S091,Product 490,492340
P0491,S092,Product 491,407537
P0492,S093,Product 492,437828
P0493,S094,Product 493,473543
P0494,S095,Product 494,278879
P0495,S096,Product 495,159574
P0496,S097,Product 496,702539
P0497,S098,Product 497,278490
P0498,S099,Product 498,934308
P0501,S102,Product 501,490208
P0502,S103,Product 502,196104
P0503,S104,Product 503,285704
P0504,S105,Product 504,976488
P0505,S106,Product 505,672459
P0506,S107,Product 506,629341
P0507,S108,Product 507,833034
P0508,S109,Product 508,322185
P0509,S110,Product 509,148751
P0510,S111,Product 510,757470
P0511,S112,Product 511,436255
P0512,S113,Product 512,578466
P0513,S114,Product 513,650405
P0514,S115,Product 514,658148
P0515,S116,Product 515,726087
P0516,S117,Product 516,998320
P0517,S118,Product 517,195148
P0520,S121,Product 520,271683
P0521,S122,Product 521,376810
P0522,S123,Product 522,225590
P0523,S124,Product 523,412502
P0524,S125,Product 524,886602
P0526,S127,Product 526,857098
P0527,S128,Product 527,651928
P0528,S129,Product 528,297789
P0529,S130,Product 529,285916
P0530,S131,Product 530,500361
P0531,S132,Product 531,914150
P0532,S133,Product 532,368711
P0533,S134,Product 533,721784
P0534,S135,Product 534,654271
P0535,S136,Product 535,134020
P0536,S137,Product 536,738862
P0537,S138,Product 537,906048
P0538,S139,Product 538,918256
P0540,S141,Product 540,303871
P0541,S142,Product 541,925312
P0542,S143,Product 542,489629
P0543,S144,Product 543,769930
P0544,S145,Product 544,794971
P0545,S146,Product 545,295579
P0546,S147,Product 546,690070
P0547,S148,Product 547,998901
P0549,S150,Product 549,757064
P0551,S152,Product 551,426492
P0552,S153,Product 552,155189
P0553,S154,Product 553,526807
P0554,S155,Product 554,802463
P0555,S156,Product 555,579080
P0556,S157,Product 556,326719
P0557,S158,Product 557,623762
P0560,S161,Product 560,573145
P0561,S162,Product 561,676030
P0562,S163,Product 562,847052
P0563,S164,Product 563,963972
P0564,S165,Product 564,296395
P0565,S166,Product 565,335841
P0566,S167,Product 566,145945
P0567,S168,Product 567,532548
P0568,S169,Product 568,255433
P0569,S170,Product 569,269597
P0570,S171,Product 570,150773
P0571,S172,Product 571,706672
P0572,S173,Product 572,468254
P0573,S174,Product 573,363162
P0574,S175,Product 574,127525
P0576,S177,Product 576,212918
P0577,S178,Product 577,721059
P0580,S181,Product 580,168933
P0581,S182,Product 581,937030
P0582,S183,Product 582,778673
P0583,S184,Product 583,971607
P0584,S185,Product 584,621783
P0585,S186,Product 585,161919
P0586,S187,Product 586,786596
P0587,S188,Product 587,578157
P0588,S189,Product 588,114901
P0589,S190,Product 589,151630
P0590,S191,Product 590,425903
P0591,S192,Product 591,264360
P0592,S193,Product 592,617168
P0593,S194,Product 593,297060
P0594,S195,Product 594,847039
P0595,S196,Product 595,864486
P0596,S197,Product 596,795630
P0597,S198,Product 597,768157
P0601,S002,Product 601,371751
P0602,S003,Product 602,103776
P0603,S004,Product 603,216575
P0604,S005,Product 604,423865
P0605,S006,Product 605,600738
P0606,S007,Product 606,998602
P0607,S008,Product 607,178961
P0608,S009,Product 608,786951
P0609,S010,Product 609,647295
P0610,S011,Product 610,654337
P0611,S012,Product 611,274136
P0612,S013,Product 612,999499
P0613,S014,Product 613,660362
P0614,S015,Product 614,742574
P0615,S016,Product 615,260475
P0616,S017,Product 616,526013
P0617,S018,Product 617,844932
P0618,S019,Product 618,787962
P0620,S021,Product 620,904226
P0621,S022,Product 621,135753
P0622,S023,Product 622,969041
P0623,S024,Product 623,484414
P0624,S025,Product 624,286969
P0626,S027,Product 626,483767
P0627,S028,Product 627,259246
P0629,S030,Product 629,195794
P0630,S031,Product 630,191239
P0631,S032,Product 631,622366
P0632,S033,Product 632,867249
P0633,S034,Product 633,734242
P0634,S035,Product 634,122916
P0635,S036,Product 635,789317
P0636,S037,Product 636,953509
P0637,S038,Product 637,807578
P0640,S041,Product 640,912388
P0641,S042,Product 641,741174
P0642,S043,Product 642,302916
P0643,S044,Product 643,129813
P0644,S045,Product 644,298591
P0645,S046,Product 645,849529
P0646,S047,Product 646,237024
P0647,S048,Product 647,480301
P0648,S049,Product 648,688122
P0649,S050,Product 649,643661
P0651,S052,Product 651,929914
P0652,S053,Product 652,347256
P0653,S054,Product 653,980584
P0654,S055,Product 654,901261
P0655,S056,Product 655,952737
P0656,S057,Product 656,157286
P0657,S058,Product 657,208842
P0660,S061,Product 660,242722
P0661,S062,Product 661,477059
P0662,S063,Product 662,219363
P0663,S064,Product 663,741632
P0664,S065,Product 664,429574
P0665,S066,Product 665,780273
P0666,S067,Product 666,656023
P0667,S068,Product 667,956263
P0668,S069,Product 668,875156
P0669,S070,Product 669,153415
P0670,S071,Product 670,992471
P0671,S072,Product 671,595850
P0672,S073,Product 672,718207
P0673,S074,Product 673,778826
P0674,S075,Product 674,472489
P0676,S077,Product 676,235283
P0677,S078,Product 677,367541
P0680,S081,Product 680,641123
P0681,S082,Product 681,340732
P0682,S083,Product 682,512644
P0683,S084,Product 683,431276
P0684,S085,Product 684,944813
P0685,S086,Product 685,612429
P0686,S087,Product 686,371864
P0687,S088,Product 687,944023
P0689,S090,Product 689,682418
P0690,S091,Product 690,136199
P0691,S092,Product 691,240354
P0692,S093,Product 692,328186
P0693,S094,Product 693,486611
P0694,S095,Product 694,879186
P0695,S096,Product 695,751925
P0696,S097,Product 696,268032
P0697,S098,Product 697,119417
P0698,S099,Product 698,766987
P0701,S102,Product 701,804077
P0702,S103,Product 702,523529
P0703,S104,Product 703,416242
P0704,S105,Product 704,541964
P0705,S106,Product 705,238527
P0706,S107,Product 706,944485
P0707,S108,Product 707,915481
P0708,S109,Product 708,680509
P0709,S110,Product 709,758211
P0710,S111,Product 710,302964
P0711,S112,Product 711,108840
P0712,S113,Product 712,162219
P0713,S114,Product 713,290677
P0714,S115,Product 714,833568
P0715,S116,Product 715,201407
P0716,S117,Product 716,138804
P0717,S118,Product 717,541949
P0720,S121,Product 720,758463
P0721,S122,Product 721,855566
P0722,S123,Product 722,281286
P0723,S124,Product 723,369814
P0724,S125,Product 724,896514
P0726,S127,Product 726,479977
P0727,S128,Product 727,795650
P0728,S129,Product 728,505811
P0729,S130,Product 729,794109
P0730,S131,Product 730,575734
P0731,S132,Product 731,937134
P0732,S133,Product 732,235663
P0733,S134,Product 733,353329
P0734,S135,Product 734,980231
P0735,S136,Product 735,668403
P0736,S137,Product 736,982529
P0737,S138,Product 737,796314
P0738,S139,Product 738,470924
P0740,S141,Product 740,774000
P0741,S142,Product 741,721319
P0742,S143,Product 742,558078
P0743,S144,Product 743,141210
P0744,S145,Product 744,983239
P0745,S146,Product 745,880605
P0746,S147,Product 746,722269
P0747,S148,Product 747,985784
P0749,S150,Product 749,515261
P0751,S152,Product 751,568874
P0752,S153,Product 752,901426
P0753,S154,Product 753,822849
P0754,S155,Product 754,634489
P0755,S156,Product 755,263713
P0756,S157,Product 756,945005
P0757,S158,Product 757,258213
P0760,S161,Product 760,659637
P0761,S162,Product 761,957250
P0762,S163,Product 762,127722
P0763,S164,Product 763,844156
P0764,S165,Product 764,897475
P0765,S166,Product 765,712341
P0766,S167,Product 766,791333
P0767,S168,Product 767,196080
P0768,S169,Product 768,614608
P0769,S170,Product 769,595071
P0770,S171,Product 770,509905
P0771,S172,Product 771,904465
P0772,S173,Product 772,290720
P0773,S174,Product 773,100997
P0774,S175,Product 774,195086
P0776,S177,Product 776,685419
P0777,S178,Product 777,419928
P0780,S181,Product 780,147657
P0781,S182,Product 781,360879
P0782,S183,Product 782,673751
P0783,S184,Product 783,403855
P0784,S185,Product 784,924506
P0785,S186,Product 785,303120
P0786,S187,Product 786,563222
P0787,S188,Product 787,589863
P0788,S189,Product 788,585263
P0789,S190,Product 789,223021
P0790,S191,Product 790,892542
P0791,S192,Product 791,639249
P0792,S193,Product 792,800824
P0793,S194,Product 793,244107
P0794,S195,Product 794,573180
P0795,S196,Product 795,836501
P0796,S197,Product 796,537643
P0797,S198,Product 797,700510
P0801,S002,Product 801,671057
P0802,S003,Product 802,644330
P0803,S004,Product 803,705813
P0804,S005,Product 804,410241
P0805,S006,Product 805,725378
P0806,S007,Product 806,643638
P0807,S008,Product 807,241529
P0808,S009,Product 808,273194
P0809,S010,Product 809,735561
P0810,S011,Product 810,100230
P0811,S012,Product 811,722475
P0812,S013,Product 812,290911
P0813,S014,Product 813,910808
P0814,S015,Product 814,392803
P0815,S016,Product 815,618486
P0816,S017,Product 816,829354
P0817,S018,Product 817,259582
P0818,S019,Product 818,667152
P0820,S021,Product 820,516444
P0821,S022,Product 821,205574
P0822,S023,Product 822,397987
P0823,S024,Product 823,262011
P0824,S025,Product 824,749905
P0826,S027,Product 826,959520
P0827,S028,Product 827,188798
P0829,S030,Product 829,279441
P0830,S031,Product 830,406195
P0831,S032,Product 831,492656
P0832,S033,Product 832,344750
P0833,S034,Product 833,935668
P0834,S035,Product 834,962154
P0835,S036,Product 835,957179
P0836,S037,Product 836,852903
P0837,S038,Product 837,726752
P0840,S041,Product 840,248698
P0841,S042,Product 841,610644
P0842,S043,Product 842,214651
P0843,S044,Product 843,265870
P0844,S045,Product 844,455062
P0845,S046,Product 845,166525
P0846,S047,Product 846,558690
P0847,S048,Product 847,968355
P0848,S049,Product 848,866839
P0849,S050,Product 849,635312
P0851,S052,Product 851,364435
P0852,S053,Product 852,765128
P0853,S054,Product 853,934835
P0854,S055,Product 854,692735
P0855,S056,Product 855,832684
P0856,S057,Product 856,193811
P0857,S058,Product 857,726555
P0860,S061,Product 860,258247
P0861,S062,Product 861,271920
P0862,S063,Product 862,452331
P0863,S064,Product 863,239866
P0864,S065,Product 864,652773
P0865,S066,Product 865,612749
P0866,S067,Product 866,850692
P0867,S068,Product 867,993669
P0868,S069,Product 868,269863
P0869,S070,Product 869,678404
P0870,S071,Product 870,258597
P0871,S072,Product 871,791117
P0872,S073,Product 872,214316
P0873,S074,Product 873,130623
P0874,S075,Product 874,592255
P0876,S077,Product 876,468004
P0877,S078,Product 877,888160
P0880,S081,Product 880,308757
P0881,S082,Product 881,274985
P0882,S083,Product 882,621002
P0883,S084,Product 883,569346
P0884,S085,Product 884,470120
P0885,S086,Product 885,855096
P0886,S087,Product 886,371207
P0887,S088,Product 887,835977
P0889,S090,Product 889,230474
P0890,S091,Product 890,397966
P0891,S092,Product 891,817359
P0892,S093,Product 892,218404
P0893,S094,Product 893,705825
P0894,S095,Product 894,512627
P0895,S096,Product 895,760432
P0896,S097,Product 896,192934
P0897,S098,Product 897,202208
P0898,S099,Product 898,419758
P0901,S102,Product 901,930195
P0902,S103,Product 902,936498
P0903,S104,Product 903,722457
P0904,S105,Product 904,412439
P0905,S106,Product 905,638251
P0906,S107,Product 906,213160
P0907,S108,Product 907,947416
P0908,S109,Product 908,554588
P0909,S110,Product 909,263175
P0910,S111,Product 910,586823
P0911,S112,Product 911,203009
P0912,S113,Product 912,317655
P0913,S114,Product 913,914894
P0914,S115,Product 914,685618
P0915,S116,Product 915,193659
P0916,S117,Product 916,931983
P0917,S118,Product 917,643993
P0920,S121,Product 920,776037
P0921,S122,Product 921,873070
P0922,S123,Product 922,154079
P0923,S124,Product 923,895040
P0924,S125,Product 924,882884
P0926,S127,Product 926,142079
P0927,S128,Product 927,296215
P0928,S129,Product 928,299079
P0929,S130,Product 929,428112
P0930,S131,Product 930,808026
P0931,S132,Product 931,111192
P0932,S133,Product 932,292193
P0933,S134,Product 933,860815
P0934,S135,Product 934,586665
P0935,S136,Product 935,649078
P0936,S137,Product 936,389485
P0937,S138,Product 937,379614
P0938,S139,Product 938,852968
P0940,S141,Product 940,782546
P0941,S142,Product 941,647284
P0942,S143,Product 942,528821
P0943,S144,Product 943,904345
P0944,S145,Product 944,618226
P0945,S146,Product 945,277411
P0946,S147,Product 946,193896
P0947,S148,Product 947,728450
P0949,S150,Product 949,469050
P0951,S152,Product 951,174069
P0952,S153,Product 952,398268
P0953,S154,Product 953,107850
P0954,S155,Product 954,320499
P0955,S156,Product 955,485200
P0956,S157,Product 956,307613
P0957,S158,Product 957,420581
P0960,S161,Product 960,544889
P0961,S162,Product 961,849570
P0962,S163,Product 962,714461
P0963,S164,Product 963,526281
P0964,S165,Product 964,723236
P0965,S166,Product 965,275965
P0966,S167,Product 966,820477
P0967,S168,Product 967,780617
P0968,S169,Product 968,831714
P0969,S170,Product 969,660956
P0970,S171,Product 970,235348
P0971,S172,Product 971,233145
P0972,S173,Product 972,314107
P0973,S174,Product 973,919469
P0974,S175,Product 974,473478
P0976,S177,Product 976,350458
P0977,S178,Product 977,829963
P0980,S181,Product 980,600353
P0981,S182,Product 981,530239
P0982,S183,Product 982,447564
P0983,S184,Product 983,623500
P0984,S185,Product 984,662861
P0985,S186,Product 985,736674
P0986,S187,Product 986,554397
P0987,S188,Product 987,590756
P0988,S189,Product 988,586658
P0989,S190,Product 989,949408
P0990,S191,Product 990,333013
P0991,S192,Product 991,707429
P0992,S193,Product 992,586547
P0993,S194,Product 993,270553
P0994,S195,Product 994,331212
P0995,S196,Product 995,693838
P0996,S197,Product 996,248560
P0997,S198,Product 997,210626
P1001,S002,Product 1001,309096
P1002,S003,Product 1002,147008
P1003,S004,Product 1003,137840
P1004,S005,Product 1004,607017
P1005,S006,Product 1005,390996
P1006,S007,Product 1006,841645
P1007,S008,Product 1007,168048
P1008,S009,Product 1008,593539
P1009,S010,Product 1009,301290
P1010,S011,Product 1010,225545
P1011,S012,Product 1011,468398
P1012,S013,Product 1012,307958
P1013,S014,Product 1013,955532
P1014,S015,Product 1014,754921
P1015,S016,Product 1015,634526
P1016,S017,Product 1016,807820
P1017,S018,Product 1017,366971
P1018,S019,Product 1018,910704
P1020,S021,Product 1020,194823
P1021,S022,Product 1021,538301
P1022,S023,Product 1022,260647
P1023,S024,Product 1023,661780
P1024,S025,Product 1024,212455
P1026,S027,Product 1026,203449
P1027,S028,Product 1027,559565
P1029,S030,Product 1029,708064
P1030,S031,Product 1030,781517
P1031,S032,Product 1031,913150
P1032,S033,Product 1032,134237
P1033,S034,Product 1033,830087
P1034,S035,Product 1034,255008
P1035,S036,Product 1035,947057
P1036,S037,Product 1036,341394
P1037,S038,Product 1037,679471
P1040,S041,Product 1040,335040
P1041,S042,Product 1041,311269
P1042,S043,Product 1042,204829
P1043,S044,Product 1043,353146
P1044,S045,Product 1044,455169
P1045,S046,Product 1045,649765
P1046,S047,Product 1046,499639
P1047,S048,Product 1047,889039
P1048,S049,Product 1048,943980
P1049,S050,Product 1049,870809
P1051,S052,Product 1051,509799
P1052,S053,Product 1052,923200
P1053,S054,Product 1053,706239
P1054,S055,Product 1054,780173
P1055,S056,Product 1055,734212
P1056,S057,Product 1056,592810
P1057,S058,Product 1057,124264
P1060,S061,Product 1060,582675
P1061,S062,Product 1061,702941
P1062,S063,Product 1062,402001
P1063,S064,Product 1063,963208
P1064,S065,Product 1064,864426
P1065,S066,Product 1065,185916
P1066,S067,Product 1066,586472
P1067,S068,Product 1067,540992
P1068,S069,Product 1068,743145
P1069,S070,Product 1069,671489
P1070,S071,Product 1070,895726
P1071,S072,Product 1071,305729
P1072,S073,Product 1072,661797
P1073,S074,Product 1073,441664
P1074,S075,Product 1074,352078
P1076,S077,Product 1076,680375
P1077,S078,Product 1077,414734
P1080,S081,Product 1080,486723
P1081,S082,Product 1081,151167
P1082,S083,Product 1082,575269
P1083,S084,Product 1083,448350
P1084,S085,Product 1084,355170
P1085,S086,Product 1085,676169
P1086,S087,Product 1086,704859
P1087,S088,Product 1087,780504
P1089,S090,Product 1089,810728
P1090,S091,Product 1090,887072
P1091,S092,Product 1091,287172
P1092,S093,Product 1092,648691
P1093,S094,Product 1093,532091
P1094,S095,Product 1094,398467
P1095,S096,Product 1095,947960
P1096,S097,Product 1096,136518
P1097,S098,Product 1097,702156
P1098,S099,Product 1098,908747
P1101,S102,Product 1101,962893
P1102,S103,Product 1102,651600
P1103,S104,Product 1103,545745
P1104,S105,Product 1104,114312
P1105,S106,Product 1105,436798
P1106,S107,Product 1106,771088
P1107,S108,Product 1107,273107
P1108,S109,Product 1108,290765
P1109,S110,Product 1109,418827
P1110,S111,Product 1110,269423
P1111,S112,Product 1111,716447
P1112,S113,Product 1112,106466
P1113,S114,Product 1113,875473
P1114,S115,Product 1114,698286
P1115,S116,Product 1115,861353
P1116,S117,Product 1116,715231
P1117,S118,Product 1117,868257
P1120,S121,Product 1120,395980
P1121,S122,Product 1121,910173
P1122,S123,Product 1122,906785
P1123,S124,Product 1123,461604
P1124,S125,Product 1124,603692
P1126,S127,Product 1126,388502
P1127,S128,Product 1127,836369
P1128,S129,Product 1128,793990
P1129,S130,Product 1129,381083
P1130,S131,Product 1130,273855
P1131,S132,Product 1131,711639
P1132,S133,Product 1132,119345
P1133,S134,Product 1133,675065
P1134,S135,Product 1134,326360
P1135,S136,Product 1135,700938
P1136,S137,Product 1136,460955
P1137,S138,Product 1137,612451
P1138,S139,Product 1138,145975
P1140,S141,Product 1140,905910
P1141,S142,Product 1141,158016
P1142,S143,Product 1142,819266
P1143,S144,Product 1143,980358
P1144,S145,Product 1144,665567
P1145,S146,Product 1145,867284
P1146,S147,Product 1146,851985
P1147,S148,Product 1147,710316
P1149,S150,Product 1149,370890
P1151,S152,Product 1151,828669
P1152,S153,Product 1152,376179
P1153,S154,Product 1153,586540
P1154,S155,Product 1154,279250
P1155,S156,Product 1155,555982
P1156,S157,Product 1156,151794
P1157,S158,Product 1157,233807
P1160,S161,Product 1160,547294
P1161,S162,Product 1161,272780
P1162,S163,Product 1162,747031
P1163,S164,Product 1163,867527
P1164,S165,Product 1164,179626
P1165,S166,Product 1165,881512
P1166,S167,Product 1166,378875
P1167,S168,Product 1167,227763
P1168,S169,Product 1168,202994
P1169,S170,Product 1169,892789
P1170,S171,Product 1170,780630
P1171,S172,Product 1171,435783
P1172,S173,Product 1172,937158
P1173,S174,Product 1173,615441
P1174,S175,Product 1174,836853
P1176,S177,Product 1176,441294
P1177,S178,Product 1177,465228
P1180,S181,Product 1180,399679
P1181,S182,Product 1181,927496
P1182,S183,Product 1182,379809
P1183,S184,Product 1183,317429
P1184,S185,Product 1184,794680
P1185,S186,Product 1185,997401
P1186,S187,Product 1186,796870
P1187,S188,Product 1187,543524
P1188,S189,Product 1188,101113
P1189,S190,Product 1189,635883
P1190,S191,Product 1190,573584
P1191,S192,Product 1191,437583
P1192,S193,Product 1192,424033
P1193,S194,Product 1193,190083
P1194,S195,Product 1194,897670
P1195,S196,Product 1195,661397
P1196,S197,Product 1196,724481
P1197,S198,Product 1197,892254
P1201,S002,Product 1201,441045
P1202,S003,Product 1202,245155
P1203,S004,Product 1203,183765
P1204,S005,Product 1204,593713
P1205,S006,Product 1205,645058
P1206,S007,Product 1206,478811
P1207,S008,Product 1207,762470
P1208,S009,Product 1208,449667
P1209,S010,Product 1209,289148
P1210,S011,Product 1210,717589
P1211,S012,Product 1211,747529
P1212,S013,Product 1212,656745
P1213,S014,Product 1213,401118
P1214,S015,Product 1214,668217
P1215,S016,Product 1215,768066
P1216,S017,Product 1216,345936
P1217,S018,Product 1217,504583
P1218,S019,Product 1218,848784
P1220,S021,Product 1220,114517
P1221,S022,Product 1221,668602
P1222,S023,Product 1222,567871
P1223,S024,Product 1223,472508
P1224,S025,Product 1224,609156
P1226,S027,Product 1226,192609
P1227,S028,Product 1227,891429
P1229,S030,Product 1229,415806
P1230,S031,Product 1230,120896
P1231,S032,Product 1231,969534
P1232,S033,Product 1232,489920
P1233,S034,Product 1233,418250
P1234,S035,Product 1234,418256
P1235,S036,Product 1235,885686
P1236,S037,Product 1236,922635
P1237,S038,Product 1237,304823
P1240,S041,Product 1240,624561
P1241,S042,Product 1241,191753
P1242,S043,Product 1242,107358
P1243,S044,Product 1243,199499
P1244,S045,Product 1244,794655
P1245,S046,Product 1245,289394
P1246,S047,Product 1246,159933
P1247,S048,Product 1247,758184
P1248,S049,Product 1248,380751
P1249,S050,Product 1249,867386
P1251,S052,Product 1251,251878
P1252,S053,Product 1252,865210
P1253,S054,Product 1253,965599
P1254,S055,Product 1254,297312
P1255,S056,Product 1255,728994
P1256,S057,Product 1256,756602
P1257,S058,Product 1257,473173
P1260,S061,Product 1260,496187
P1261,S062,Product 1261,795310
P1262,S063,Product 1262,220459
P1263,S064,Product 1263,531177
P1264,S065,Product 1264,868381
P1265,S066,Product 1265,450165
P1266,S067,Product 1266,667443
P1267,S068,Product 1267,644717
P1268,S069,Product 1268,775528
P1269,S070,Product 1269,612053
P1270,S071,Product 1270,766673
P1271,S072,Product 1271,121508
P1272,S073,Product 1272,477549
P1273,S074,Product 1273,715574
P1274,S075,Product 1274,386641
P1276,S077,Product 1276,914581
P1277,S078,Product 1277,331751
P1280,S081,Product 1280,425801
P1281,S082,Product 1281,184119
P1282,S083,Product 1282,549818
P1283,S084,Product 1283,923931
P1284,S085,Product 1284,591805
P1285,S086,Product 1285,905533
P1286,S087,Product 1286,352742
P1287,S088,Product 1287,162949
P1289,S090,Product 1289,351096
P1290,S091,Product 1290,717036
P1291,S092,Product 1291,892730
P1292,S093,Product 1292,128805
P1293,S094,Product 1293,924145
P1294,S095,Product 1294,226815
P1295,S096,Product 1295,914002
P1296,S097,Product 1296,625712
P1297,S098,Product 1297,524157
P1298,S099,Product 1298,910718
P1301,S102,Product 1301,933854
P1302,S103,Product 1302,842793
P1303,S104,Product 1303,182335
P1304,S105,Product 1304,616779
P1305,S106,Product 1305,670024
P1306,S107,Product 1306,370785
P1307,S108,Product 1307,521163
P1308,S109,Product 1308,370048
P1309,S110,Product 1309,385249
P1310,S111,Product 1310,940828
P1311,S112,Product 1311,974700
P1312,S113,Product 1312,868401
P1313,S114,Product 1313,881634
P1314,S115,Product 1314,426881
P1315,S116,Product 1315,534796
P1316,S117,Product 1316,307280
P1317,S118,Product 1317,469466
P1320,S121,Product 1320,561139
P1321,S122,Product 1321,864690
P1322,S123,Product 1322,500003
P1323,S124,Product 1323,473767
P1324,S125,Product 1324,263741
P1326,S127,Product 1326,236178
P1327,S128,Product 1327,813214
P1328,S129,Product 1328,306699
P1329,S130,Product 1329,194275
P1330,S131,Product 1330,997830
P1331,S132,Product 1331,835313
P1332,S133,Product 1332,751069
P1333,S134,Product 1333,899735
P1334,S135,Product 1334,761765
P1335,S136,Product 1335,783006
P1336,S137,Product 1336,562942
P1337,S138,Product 1337,248354
P1338,S139,Product 1338,495780
P1340,S141,Product 1340,636306
P1341,S142,Product 1341,443588
P1342,S143,Product 1342,701597
P1343,S144,Product 1343,480274
P1344,S145,Product 1344,770364
P1345,S146,Product 1345,434942
P1346,S147,Product 1346,170383
P1347,S148,Product 1347,993886
P1349,S150,Product 1349,393209
P1351,S152,Product 1351,330036
P1352,S153,Product 1352,566300
P1353,S154,Product 1353,923462
P1354,S155,Product 1354,657270
P1355,S156,Product 1355,241062
P1356,S157,Product 1356,449559
P1357,S158,Product 1357,408416
P1360,S161,Product 1360,985154
P1361,S162,Product 1361,998030
P1362,S163,Product 1362,323967
P1363,S164,Product 1363,969637
P1364,S165,Product 1364,135100
P1365,S166,Product 1365,180100
P1366,S167,Product 1366,104024
P1367,S168,Product 1367,140356
P1368,S169,Product 1368,585915
P1369,S170,Product 1369,809993
P1370,S171,Product 1370,101804
P1371,S172,Product 1371,969993
P1372,S173,Product 1372,105377
P1373,S174,Product 1373,871924
P1374,S175,Product 1374,995547
P1376,S177,Product 1376,859677
P1377,S178,Product 1377,754959
P1380,S181,Product 1380,723771
P1381,S182,Product 1381,258366
P1382,S183,Product 1382,789569
P1383,S184,Product 1383,619431
P1384,S185,Product 1384,135209
P1385,S186,Product 1385,989753
P1386,S187,Product 1386,797433
P1387,S188,Product 1387,310459
P1388,S189,Product 1388,759975
P1389,S190,Product 1389,931924
P1390,S191,Product 1390,341315
P1391,S192,Product 1391,250220
P1392,S193,Product 1392,840619
P1393,S194,Product 1393,466912
P1394,S195,Product 1394,879357
P1395,S196,Product 1395,856671
P1396,S197,Product 1396,135118
P1397,S198,Product 1397,839754
P1401,S002,Product 1401,992097
P1402,S003,Product 1402,209838
P1403,S004,Product 1403,799642
P1404,S005,Product 1404,919648
P1405,S006,Product 1405,303093
P1406,S007,Product 1406,203722
P1407,S008,Product 1407,462075
P1408,S009,Product 1408,687753
P1409,S010,Product 1409,767963
P1410,S011,Product 1410,204688
P1411,S012,Product 1411,352597
P1412,S013,Product 1412,600442
P1413,S014,Product 1413,592813
P1414,S015,Product 1414,141765
P1415,S016,Product 1415,463559
P1416,S017,Product 1416,675950
P1417,S018,Product 1417,304302
P1418,S019,Product 1418,483072
P1420,S021,Product 1420,893474
P1421,S022,Product 1421,866923
P1422,S023,Product 1422,176489
P1423,S024,Product 1423,705526
P1424,S025,Product 1424,731288
P1426,S027,Product 1426,547668
P1427,S028,Product 1427,168133
P1429,S030,Product 1429,755403
P1430,S031,Product 1430,801717
P1431,S032,Product 1431,589942
P1432,S033,Product 1432,197570
P1433,S034,Product 1433,266349
P1434,S035,Product 1434,360831
P1435,S036,Product 1435,630951
P1436,S037,Product 1436,551267
P1437,S038,Product 1437,467883
P1440,S041,Product 1440,713556
P1441,S042,Product 1441,483299
P1442,S043,Product 1442,498059
P1443,S044,Product 1443,705633
P1444,S045,Product 1444,258362
P1445,S046,Product 1445,126218
P1446,S047,Product 1446,615410
P1447,S048,Product 1447,322393
P1448,S049,Product 1448,283327
P1449,S050,Product 1449,331754
P1451,S052,Product 1451,776213
P1452,S053,Product 1452,856922
P1453,S054,Product 1453,451689
P1454,S055,Product 1454,192350
P1455,S056,Product 1455,330387
P1456,S057,Product 1456,490525
P1457,S058,Product 1457,495274
P1460,S061,Product 1460,662971
P1461,S062,Product 1461,659117
P1462,S063,Product 1462,749030
P1463,S064,Product 1463,911626
P1464,S065,Product 1464,124468
P1465,S066,Product 1465,457681
P1466,S067,Product 1466,298865
P1467,S068,Product 1467,427540
P1468,S069,Product 1468,381726
P1469,S070,Product 1469,733882
P1470,S071,Product 1470,439752
P1471,S072,Product 1471,933798
P1472,S073,Product 1472,186002
P1473,S074,Product 1473,454701
P1474,S075,Product 1474,310781
P1476,S077,Product 1476,216080
P1477,S078,Product 1477,487705
P1480,S081,Product 1480,810479
P1481,S082,Product 1481,318864
P1482,S083,Product 1482,539081
P1483,S084,Product 1483,444835
P1484,S085,Product 1484,973125
P1485,S086,Product 1485,169138
P1486,S087,Product 1486,914261
P1487,S088,Product 1487,954374
P1489,S090,Product 1489,275498
P1490,S091,Product 1490,999676
P1491,S092,Product 1491,565952
P1492,S093,Product 1492,995455
P1493,S094,Product 1493,529426
P1494,S095,Product 1494,955007
P1495,S096,Product 1495,681877
P1496,S097,Product 1496,112543
P1497,S098,Product 1497,412018
P1498,S099,Product 1498,364057
P1501,S102,Product 1501,812966
P1502,S103,Product 1502,839840
P1503,S104,Product 1503,343325
P1504,S105,Product 1504,120534
P1505,S106,Product 1505,340541
P1506,S107,Product 1506,815097
P1507,S108,Product 1507,721136
P1508,S109,Product 1508,638734
P1509,S110,Product 1509,909501
P1510,S111,Product 1510,956056
P1511,S112,Product 1511,500001
P1512,S113,Product 1512,237747
P1513,S114,Product 1513,223588
P1514,S115,Product 1514,331539
P1515,S116,Product 1515,289815
P1516,S117,Product 1516,103190
P1517,S118,Product 1517,210058
P1520,S121,Product 1520,234178
P1521,S122,Product 1521,105730
P1522,S123,Product 1522,696118
P1523,S124,Product 1523,649150
P1524,S125,Product 1524,513957
P1526,S127,Product 1526,502291
P1527,S128,Product 1527,328636
P1528,S129,Product 1528,184761
P1529,S130,Product 1529,620276
P1530,S131,Product 1530,784171
P1531,S132,Product 1531,211900
P1532,S133,Product 1532,901421
P1533,S134,Product 1533,293715
P1534,S135,Product 1534,398840
P1535,S136,Product 1535,131921
P1536,S137,Product 1536,190324
P1537,S138,Product 1537,579702
P1538,S139,Product 1538,306421
P1540,S141,Product 1540,919210
P1541,S142,Product 1541,790972
P1542,S143,Product 1542,732313
P1543,S144,Product 1543,901790
P1544,S145,Product 1544,542239
P1545,S146,Product 1545,905932
P1546,S147,Product 1546,221330
P1547,S148,Product 1547,860533
P1549,S150,Product 1549,330293
P1551,S152,Product 1551,851135
P1552,S153,Product 1552,772490
P1553,S154,Product 1553,207286
P1554,S155,Product 1554,336025
P1555,S156,Product 1555,879799
P1556,S157,Product 1556,420771
P1557,S158,Product 1557,558713
P1560,S161,Product 1560,669779
P1561,S162,Product 1561,780698
P1562,S163,Product 1562,555835
P1563,S164,Product 1563,239168
P1564,S165,Product 1564,807401
P1565,S166,Product 1565,628005
P1566,S167,Product 1566,443204
P1567,S168,Product 1567,909477
P1568,S169,Product 1568,229890
P1569,S170,Product 1569,780861
P1570,S171,Product 1570,111459
P1571,S172,Product 1571,843202
P1572,S173,Product 1572,566007
P1573,S174,Product 1573,348505
P1574,S175,Product 1574,695124
P1576,S177,Product 1576,111814
P1577,S178,Product 1577,407914
P1580,S181,Product 1580,999547
P1581,S182,Product 1581,896535
P1582,S183,Product 1582,233296
P1583,S184,Product 1583,235661
P1584,S185,Product 1584,673562
P1585,S186,Product 1585,560233
P1586,S187,Product 1586,147288
P1587,S188,Product 1587,105646
P1588,S189,Product 1588,722220
P1589,S190,Product 1589,500387
P1590,S191,Product 1590,949245
P1591,S192,Product 1591,550794
P1592,S193,Product 1592,155012
P1593,S194,Product 1593,913672
P1594,S195,Product 1594,791773
P1595,S196,Product 1595,831924
P1596,S197,Product 1596,834541
P1597,S198,Product 1597,238752
P1601,S002,Product 1601,160086
P1602,S003,Product 1602,819513
P1603,S004,Product 1603,208267
P1604,S005,Product 1604,519529
P1605,S006,Product 1605,794969
P1606,S007,Product 1606,330844
P1607,S008,Product 1607,754529
P1608,S009,Product 1608,278013
P1609,S010,Product 1609,178946
P1610,S011,Product 1610,826554
P1611,S012,Product 1611,802013
P1612,S013,Product 1612,551222
P1613,S014,Product 1613,997141
P1614,S015,Product 1614,266041
P1615,S016,Product 1615,324833
P1616,S017,Product 1616,588199
P1617,S018,Product 1617,187200
P1618,S019,Product 1618,515464
P1620,S021,Product 1620,887028
P1621,S022,Product 1621,401120
P1622,S023,Product 1622,705436
P1623,S024,Product 1623,464379
P1624,S025,Product 1624,725758
P1626,S027,Product 1626,373988
P1627,S028,Product 1627,113340
P1629,S030,Product 1629,683721
P1630,S031,Product 1630,529995
P1631,S032,Product 1631,584319
P1632,S033,Product 1632,449752
P1633,S034,Product 1633,761027
P1634,S035,Product 1634,766185
P1635,S036,Product 1635,112600
P1636,S037,Product 1636,626036
P1637,S038,Product 1637,805022
P1640,S041,Product 1640,160695
P1641,S042,Product 1641,986553
P1642,S043,Product 1642,766541
P1643,S044,Product 1643,979056
P1644,S045,Product 1644,212712
P1645,S046,Product 1645,839665
P1646,S047,Product 1646,360200
P1647,S048,Product 1647,694047
P1648,S049,Product 1648,554405
P1649,S050,Product 1649,379998
P1651,S052,Product 1651,201417
P1652,S053,Product 1652,127599
P1653,S054,Product 1653,760758
P1654,S055,Product 1654,761157
P1655,S056,Product 1655,180374
P1656,S057,Product 1656,374390
P1657,S058,Product 1657,130127
P1660,S061,Product 1660,148957
P1661,S062,Product 1661,958722
P1662,S063,Product 1662,989260
P1663,S064,Product 1663,758988
P1664,S065,Product 1664,244298
P1665,S066,Product 1665,186955
P1666,S067,Product 1666,642152
P1667,S068,Product 1667,747022
P1668,S069,Product 1668,323660
P1669,S070,Product 1669,924461
P1670,S071,Product 1670,316517
P1671,S072,Product 1671,533610
P1672,S073,Product 1672,629737
P1673,S074,Product 1673,943570
P1674,S075,Product 1674,270531
P1676,S077,Product 1676,916547
P1677,S078,Product 1677,648016
P1680,S081,Product 1680,140103
P1681,S082,Product 1681,923463
P1682,S083,Product 1682,682092
P1683,S084,Product 1683,239893
P1684,S085,Product 1684,902642
P1685,S086,Product 1685,221287
P1686,S087,Product 1686,809487
P1687,S088,Product 1687,390337
P1689,S090,Product 1689,682927
P1690,S091,Product 1690,129429
P1691,S092,Product 1691,285206
P1692,S093,Product 1692,124913
P1693,S094,Product 1693,953104
P1694,S095,Product 1694,983218
P1695,S096,Product 1695,286697
P1696,S097,Product 1696,616186
P1697,S098,Product 1697,468208
P1698,S099,Product 1698,203402
P1701,S102,Product 1701,267306
P1702,S103,Product 1702,589613
P1703,S104,Product 1703,199478
P1704,S105,Product 1704,429383
P1705,S106,Product 1705,237042
P1706,S107,Product 1706,675728
P1707,S108,Product 1707,853799
P1708,S109,Product 1708,709117
P1709,S110,Product 1709,728086
P1710,S111,Product 1710,940809
P1711,S112,Product 1711,956459
P1712,S113,Product 1712,842146
P1713,S114,Product 1713,723745
P1714,S115,Product 1714,185703
P1715,S116,Product 1715,313872
P1716,S117,Product 1716,593647
P1717,S118,Product 1717,900921
P1720,S121,Product 1720,427887
P1721,S122,Product 1721,591112
P1722,S123,Product 1722,436071
P1723,S124,Product 1723,869873
P1724,S125,Product 1724,547006
P1726,S127,Product 1726,298257
P1727,S128,Product 1727,281115
P1728,S129,Product 1728,500605
P1729,S130,Product 1729,372310
P1730,S131,Product 1730,939235
P1731,S132,Product 1731,906276
P1732,S133,Product 1732,894645
P1733,S134,Product 1733,340569
P1734,S135,Product 1734,163891
P1735,S136,Product 1735,607031
P1736,S137,Product 1736,937892
P1737,S138,Product 1737,586173
P1738,S139,Product 1738,395562
P1740,S141,Product 1740,902537
P1741,S142,Product 1741,983944
P1742,S143,Product 1742,869412
P1743,S144,Product 1743,816096
P1744,S145,Product 1744,277769
P1745,S146,Product 1745,453933
P1746,S147,Product 1746,371715
P1747,S148,Product 1747,817277
P1749,S150,Product 1749,312303
P1751,S152,Product 1751,586901
P1752,S153,Product 1752,679639
P1753,S154,Product 1753,368893
P1754,S155,Product 1754,445998
P1755,S156,Product 1755,246672
P1756,S157,Product 1756,414006
P1757,S158,Product 1757,452956
P1760,S161,Product 1760,933190
P1761,S162,Product 1761,584098
P1762,S163,Product 1762,527271
P1763,S164,Product 1763,752908
P1764,S165,Product 1764,866188
P1765,S166,Product 1765,173118
P1766,S167,Product 1766,454794
P1767,S168,Product 1767,591281
P1768,S169,Product 1768,369718
P1769,S170,Product 1769,705750
P1770,S171,Product 1770,402052
P1771,S172,Product 1771,901862
P1772,S173,Product 1772,959580
P1773,S174,Product 1773,786152
P1774,S175,Product 1774,571572
P1776,S177,Product 1776,917873
P1777,S178,Product 1777,353202
P1780,S181,Product 1780,283980
P1781,S182,Product 1781,235596
P1782,S183,Product 1782,214799
P1783,S184,Product 1783,200326
P1784,S185,Product 1784,670222
P1785,S186,Product 1785,503443
P1786,S187,Product 1786,466687
P1787,S188,Product 1787,980822
P1788,S189,Product 1788,658799
P1789,S190,Product 1789,288417
P1790,S191,Product 1790,287623
P1791,S192,Product 1791,171243
P1792,S193,Product 1792,174538
P1793,S194,Product 1793,930392
P1794,S195,Product 1794,844330
P1795,S196,Product 1795,859661
P1796,S197,Product 1796,396801
P1797,S198,Product 1797,853982
P1801,S002,Product 1801,814977
P1802,S003,Product 1802,265234
P1803,S004,Product 1803,663937
P1804,S005,Product 1804,384296
P1805,S006,Product 1805,739707
P1806,S007,Product 1806,330703
P1807,S008,Product 1807,845534
P1808,S009,Product 1808,880046
P1809,S010,Product 1809,294225
P1810,S011,Product 1810,238189
P1811,S012,Product 1811,296096
P1812,S013,Product 1812,678771
P1813,S014,Product 1813,375702
P1814,S015,Product 1814,619165
P1815,S016,Product 1815,894742
P1816,S017,Product 1816,739302
P1817,S018,Product 1817,531437
P1818,S019,Product 1818,749198
P1820,S021,Product 1820,235132
P1821,S022,Product 1821,989035
P1822,S023,Product 1822,619623
P1823,S024,Product 1823,322417
P1824,S025,Product 1824,101853
P1826,S027,Product 1826,229728
P1827,S028,Product 1827,884107
P1829,S030,Product 1829,558395
P1830,S031,Product 1830,890333
P1831,S032,Product 1831,790915
P1832,S033,Product 1832,246563
P1833,S034,Product 1833,849891
P1834,S035,Product 1834,302151
P1835,S036,Product 1835,885355
P1836,S037,Product 1836,982179
P1837,S038,Product 1837,471398
P1840,S041,Product 1840,394228
P1841,S042,Product 1841,802225
P1842,S043,Product 1842,288324
P1843,S044,Product 1843,203710
P1844,S045,Product 1844,554821
P1845,S046,Product 1845,727184
P1846,S047,Product 1846,276272
P1847,S048,Product 1847,185417
P1848,S049,Product 1848,202420
P1849,S050,Product 1849,306448
P1851,S052,Product 1851,599786
P1852,S053,Product 1852,706449
P1853,S054,Product 1853,518239
P1854,S055,Product 1854,484527
P1855,S056,Product 1855,682588
P1856,S057,Product 1856,907666
P1857,S058,Product 1857,266415
P1860,S061,Product 1860,464339
P1861,S062,Product 1861,887066
P1862,S063,Product 1862,985120
P1863,S064,Product 1863,464961
P1864,S065,Product 1864,488775
P1865,S066,Product 1865,206720
P1866,S067,Product 1866,395481
P1867,S068,Product 1867,769478
P1868,S069,Product 1868,722239
P1869,S070,Product 1869,933131
P1870,S071,Product 1870,957461
P1871,S072,Product 1871,357220
P1872,S073,Product 1872,248246
P1873,S074,Product 1873,544179
P1874,S075,Product 1874,216076
P1876,S077,Product 1876,994487
P1877,S078,Product 1877,403198
P1880,S081,Product 1880,592619
P1881,S082,Product 1881,735487
P1882,S083,Product 1882,296918
P1883,S084,Product 1883,301984
P1884,S085,Product 1884,582403
P1885,S086,Product 1885,823071
P1886,S087,Product 1886,392116
P1887,S088,Product 1887,118447
P1889,S090,Product 1889,889881
P1890,S091,Product 1890,832660
P1891,S092,Product 1891,769165
P1892,S093,Product 1892,344983
P1893,S094,Product 1893,638463
P1894,S095,Product 1894,130565
P1895,S096,Product 1895,170985
P1896,S097,Product 1896,314895
P1897,S098,Product 1897,586939
P1898,S099,Product 1898,756314
P1901,S102,Product 1901,924688
P1902,S103,Product 1902,425031
P1903,S104,Product 1903,658277
P1904,S105,Product 1904,836808
P1905,S106,Product 1905,735070
P1906,S107,Product 1906,271928
P1907,S108,Product 1907,585925
P1908,S109,Product 1908,173179
P1909,S110,Product 1909,755780
P1910,S111,Product 1910,646414
P1911,S112,Product 1911,379401
P1912,S113,Product 1912,321184
P1913,S114,Product 1913,553567
P1914,S115,Product 1914,490455
P1915,S116,Product 1915,786925
P1916,S117,Product 1916,522852
P1917,S118,Product 1917,929905
P1920,S121,Product 1920,586164
P1921,S122,Product 1921,901629
P1922,S123,Product 1922,758618
P1923,S124,Product 1923,893561
P1924,S125,Product 1924,737097
P1926,S127,Product 1926,597151
P1927,S128,Product 1927,897438
P1928,S129,Product 1928,969806
P1929,S130,Product 1929,724217
P1930,S131,Product 1930,591168
P1931,S132,Product 1931,513410
P1932,S133,Product 1932,900335
P1933,S134,Product 1933,916087
P1934,S135,Product 1934,385492
P1935,S136,Product 1935,562356
P1936,S137,Product 1936,955776
P1937,S138,Product 1937,446996
P1938,S139,Product 1938,623390
P1940,S141,Product 1940,935239
P1941,S142,Product 1941,396613
P1942,S143,Product 1942,492131
P1943,S144,Product 1943,486014
P1944,S145,Product 1944,726343
P1945,S146,Product 1945,352948
P1946,S147,Product 1946,728230
P1947,S148,Product 1947,564183
P1949,S150,Product 1949,176087
P1951,S152,Product 1951,607998
P1952,S153,Product 1952,645802
P1953,S154,Product 1953,720318
P1954,S155,Product 1954,186532
P1955,S156,Product 1955,763442
P1956,S157,Product 1956,417788
P1957,S158,Product 1957,863948
P1960,S161,Product 1960,782265
P1961,S162,Product 1961,513053
P1962,S163,Product 1962,345853
P1963,S164,Product 1963,488491
P1964,S165,Product 1964,551370
P1965,S166,Product 1965,440326
P1966,S167,Product 1966,177935
P1967,S168,Product 1967,399317
P1968,S169,Product 1968,254608
P1969,S170,Product 1969,822745
P1970,S171,Product 1970,121648
P1971,S172,Product 1971,639480
P1972,S173,Product 1972,618510
P1973,S174,Product 1973,789031
P1974,S175,Product 1974,371914
P1976,S177,Product 1976,737299
P1977,S178,Product 1977,599456
P1980,S181,Product 1980,406791
P1981,S182,Product 1981,317463
P1982,S183,Product 1982,845108
P1983,S184,Product 1983,542114
P1984,S185,Product 1984,119890
P1985,S186,Product 1985,151041
P1986,S187,Product 1986,499332
P1987,S188,Product 1987,287579
P1988,S189,Product 1988,103684
P1989,S190,Product 1989,839260
P1990,S191,Product 1990,554212
P1991,S192,Product 1991,874912
P1992,S193,Product 1992,627044
P1993,S194,Product 1993,702955
P1994,S195,Product 1994,702630
P1995,S196,Product 1995,258902
P1996,S197,Product 1996,622680
P1997,S198,Product 1997,316543
P2001,S002,Product 2001,402930
P2002,S003,Product 2002,847843
P2003,S004,Product 2003,669388
P2004,S005,Product 2004,909060
P2005,S006,Product 2005,558733
P2006,S007,Product 2006,504986
P2007,S008,Product 2007,185959
P2008,S009,Product 2008,560825
P2009,S010,Product 2009,185258
P2010,S011,Product 2010,166749
P2011,S012,Product 2011,111789
P2012,S013,Product 2012,665425
P2013,S014,Product 2013,986291
P2014,S015,Product 2014,350546
P2015,S016,Product 2015,678750
P2016,S017,Product 2016,650624
P2017,S018,Product 2017,265193
P2018,S019,Product 2018,639919
P2020,S021,Product 2020,308661
P2021,S022,Product 2021,927457
P2022,S023,Product 2022,839894
P2023,S024,Product 2023,563828
P2024,S025,Product 2024,545954
P2026,S027,Product 2026,905167
P2027,S028,Product 2027,693734
P2029,S030,Product 2029,578152
P2030,S031,Product 2030,382464
P2031,S032,Product 2031,960926
P2032,S033,Product 2032,681482
P2033,S034,Product 2033,194051
P2034,S035,Product 2034,313483
P2035,S036,Product 2035,359478
P2036,S037,Product 2036,824477
P2037,S038,Product 2037,459387
P2040,S041,Product 2040,450477
P2041,S042,Product 2041,123412
P2042,S043,Product 2042,817870
P2043,S044,Product 2043,207170
P2044,S045,Product 2044,418139
P2045,S046,Product 2045,241393
P2046,S047,Product 2046,668017
P2047,S048,Product 2047,851606
P2048,S049,Product 2048,561545
P2049,S050,Product 2049,924891
P2051,S052,Product 2051,592305
P2052,S053,Product 2052,529987
P2053,S054,Product 2053,343489
P2054,S055,Product 2054,557198
P2055,S056,Product 2055,861639
P2056,S057,Product 2056,775240
P2057,S058,Product 2057,845080
P2060,S061,Product 2060,993561
P2061,S062,Product 2061,782339
P2062,S063,Product 2062,132319
P2063,S064,Product 2063,570702
P2064,S065,Product 2064,549052
P2065,S066,Product 2065,352015
P2066,S067,Product 2066,658716
P2067,S068,Product 2067,705819
P2068,S069,Product 2068,182029
P2069,S070,Product 2069,238709
P2070,S071,Product 2070,687230
P2071,S072,Product 2071,547740
P2072,S073,Product 2072,231074
P2073,S074,Product 2073,873219
P2074,S075,Product 2074,645852
P2076,S077,Product 2076,656474
P2077,S078,Product 2077,921524
P2080,S081,Product 2080,968033
P2081,S082,Product 2081,608218
P2082,S083,Product 2082,161718
P2083,S084,Product 2083,595589
P2084,S085,Product 2084,473890
P2085,S086,Product 2085,228606
P2086,S087,Product 2086,956447
P2087,S088,Product 2087,223098
P2089,S090,Product 2089,690495
P2090,S091,Product 2090,675537
P2091,S092,Product 2091,374696
P2092,S093,Product 2092,826133
P2093,S094,Product 2093,273590
P2094,S095,Product 2094,330139
P2095,S096,Product 2095,433345
P2096,S097,Product 2096,573815
P2097,S098,Product 2097,370106
P2098,S099,Product 2098,104746
P2101,S102,Product 2101,277663
P2102,S103,Product 2102,674108
P2103,S104,Product 2103,157113
P2104,S105,Product 2104,707693
P2105,S106,Product 2105,976538
P2106,S107,Product 2106,827068
P2107,S108,Product 2107,432754
P2108,S109,Product 2108,123840
P2109,S110,Product 2109,972735
P2110,S111,Product 2110,877087
P2111,S112,Product 2111,285644
P2112,S113,Product 2112,278524
P2113,S114,Product 2113,564555
P2114,S115,Product 2114,198618
P2115,S116,Product 2115,379834
P2116,S117,Product 2116,327783
P2117,S118,Product 2117,431198
P2120,S121,Product 2120,958267
P2121,S122,Product 2121,596864
P2122,S123,Product 2122,288177
P2123,S124,Product 2123,594081
P2124,S125,Product 2124,455859
P2126,S127,Product 2126,432426
P2127,S128,Product 2127,473433
P2128,S129,Product 2128,440654
P2129,S130,Product 2129,615113
P2130,S131,Product 2130,985865
P2131,S132,Product 2131,772006
P2132,S133,Product 2132,699043
P2133,S134,Product 2133,530141
P2134,S135,Product 2134,617457
P2135,S136,Product 2135,945086
P2136,S137,Product 2136,326146
P2137,S138,Product 2137,626781
P2138,S139,Product 2138,370210
P2140,S141,Product 2140,380003
P2141,S142,Product 2141,211672
P2142,S143,Product 2142,798167
P2143,S144,Product 2143,757809
P2144,S145,Product 2144,715693
P2145,S146,Product 2145,701554
P2146,S147,Product 2146,217913
P2147,S148,Product 2147,953844
P2149,S150,Product 2149,338883
P2151,S152,Product 2151,599669
P2152,S153,Product 2152,411152
P2153,S154,Product 2153,710143
P2154,S155,Product 2154,131714
P2155,S156,Product 2155,694833
P2156,S157,Product 2156,753095
P2157,S158,Product 2157,673329
P2160,S161,Product 2160,948278
P2161,S162,Product 2161,355328
P2162,S163,Product 2162,139405
P2163,S164,Product 2163,593171
P2164,S165,Product 2164,314353
P2165,S166,Product 2165,217524
P2166,S167,Product 2166,933553
P2167,S168,Product 2167,912334
P2168,S169,Product 2168,770804
P2169,S170,Product 2169,396049
P2170,S171,Product 2170,716898
P2171,S172,Product 2171,874194
P2172,S173,Product 2172,133045
P2173,S174,Product 2173,313794
P2174,S175,Product 2174,417567
P2176,S177,Product 2176,193769
P2177,S178,Product 2177,702193
P2180,S181,Product 2180,306831
P2181,S182,Product 2181,307475
P2182,S183,Product 2182,426772
P2183,S184,Product 2183,568836
P2184,S185,Product 2184,454429
P2185,S186,Product 2185,417217
P2186,S187,Product 2186,177495
P2187,S188,Product 2187,377946
P2188,S189,Product 2188,661989
P2189,S190,Product 2189,343360
P2190,S191,Product 2190,277584
P2191,S192,Product 2191,575693
P2192,S193,Product 2192,240579
P2193,S194,Product 2193,800226
P2194,S195,Product 2194,104233
P2195,S196,Product 2195,675980
P2196,S197,Product 2196,993734
P2197,S198,Product 2197,558310
P2201,S002,Product 2201,478586
P2202,S003,Product 2202,115536
P2203,S004,Product 2203,398282
P2204,S005,Product 2204,166188
P2205,S006,Product 2205,286593
P2206,S007,Product 2206,924780
P2207,S008,Product 2207,112997
P2208,S009,Product 2208,297571
P2209,S010,Product 2209,826319
P2210,S011,Product 2210,137495
P2211,S012,Product 2211,755269
P2212,S013,Product 2212,496443
P2213,S014,Product 2213,590256
P2214,S015,Product 2214,352466
P2215,S016,Product 2215,597156
P2216,S017,Product 2216,636437
P2217,S018,Product 2217,806985
P2218,S019,Product 2218,661187
P2220,S021,Product 2220,347873
P2221,S022,Product 2221,856375
P2222,S023,Product 2222,566382
P2223,S024,Product 2223,340913
P2224,S025,Product 2224,708744
P2226,S027,Product 2226,311763
P2227,S028,Product 2227,384883
P2229,S030,Product 2229,487224
P2230,S031,Product 2230,792612
P2231,S032,Product 2231,972256
P2232,S033,Product 2232,351298
P2233,S034,Product 2233,659675
P2234,S035,Product 2234,959296
P2235,S036,Product 2235,835617
P2236,S037,Product 2236,670459
P2237,S038,Product 2237,969624
P2240,S041,Product 2240,684977
P2241,S042,Product 2241,722126
P2242,S043,Product 2242,615359
P2243,S044,Product 2243,302757
P2244,S045,Product 2244,518012
P2245,S046,Product 2245,466016
P2246,S047,Product 2246,190511
P2247,S048,Product 2247,797050
P2248,S049,Product 2248,232557
P2249,S050,Product 2249,415228
P2251,S052,Product 2251,824426
P2252,S053,Product 2252,821424
P2253,S054,Product 2253,207801
P2254,S055,Product 2254,549199
P2255,S056,Product 2255,135979
P2256,S057,Product 2256,756890
P2257,S058,Product 2257,685369
P2260,S061,Product 2260,552949
P2261,S062,Product 2261,538318
P2262,S063,Product 2262,670174
P2263,S064,Product 2263,541610
P2264,S065,Product 2264,722277
P2265,S066,Product 2265,570041
P2266,S067,Product 2266,199238
P2267,S068,Product 2267,669052
P2268,S069,Product 2268,570326
P2269,S070,Product 2269,750349
P2270,S071,Product 2270,482882
P2271,S072,Product 2271,927465
P2272,S073,Product 2272,360292
P2273,S074,Product 2273,224018
P2274,S075,Product 2274,363761
P2276,S077,Product 2276,842215
P2277,S078,Product 2277,916454
P2280,S081,Product 2280,737913
P2281,S082,Product 2281,538462
P2282,S083,Product 2282,198004
P2283,S084,Product 2283,311288
P2284,S085,Product 2284,961285
P2285,S086,Product 2285,493322
P2286,S087,Product 2286,610438
P2287,S088,Product 2287,261919
P2289,S090,Product 2289,795062
P2290,S091,Product 2290,948221
P2291,S092,Product 2291,318589
P2292,S093,Product 2292,487064
P2293,S094,Product 2293,239564
P2294,S095,Product 2294,843732
P2295,S096,Product 2295,959312
P2296,S097,Product 2296,966902
P2297,S098,Product 2297,960023
P2298,S099,Product 2298,256150
P2301,S102,Product 2301,725027
P2302,S103,Product 2302,231444
P2303,S104,Product 2303,596532
P2304,S105,Product 2304,567283
P2305,S106,Product 2305,944064
P2306,S107,Product 2306,882082
P2307,S108,Product 2307,624071
P2308,S109,Product 2308,732782
P2309,S110,Product 2309,784102
P2310,S111,Product 2310,343279
P2311,S112,Product 2311,381142
P2312,S113,Product 2312,313612
P2313,S114,Product 2313,525906
P2314,S115,Product 2314,514688
P2315,S116,Product 2315,633585
P2316,S117,Product 2316,662516
P2317,S118,Product 2317,292654
P2320,S121,Product 2320,592532
P2321,S122,Product 2321,233998
P2322,S123,Product 2322,676005
P2323,S124,Product 2323,693256
P2324,S125,Product 2324,382961
P2326,S127,Product 2326,793753
P2327,S128,Product 2327,861076
P2328,S129,Product 2328,852937
P2329,S130,Product 2329,946682
P2330,S131,Product 2330,454692
P2331,S132,Product 2331,316942
P2332,S133,Product 2332,145313
P2333,S134,Product 2333,342718
P2334,S135,Product 2334,904027
P2335,S136,Product 2335,278783
P2336,S137,Product 2336,654992
P2337,S138,Product 2337,431580
P2338,S139,Product 2338,943815
P2340,S141,Product 2340,698151
P2341,S142,Product 2341,832451
P2342,S143,Product 2342,820956
P2343,S144,Product 2343,138595
P2344,S145,Product 2344,322683
P2345,S146,Product 2345,127868
P2346,S147,Product 2346,211156
P2347,S148,Product 2347,615703
P2349,S150,Product 2349,109224
P2351,S152,Product 2351,543398
P2352,S153,Product 2352,856132
P2353,S154,Product 2353,282662
P2354,S155,Product 2354,692650
P2355,S156,Product 2355,203059
P2356,S157,Product 2356,555254
P2357,S158,Product 2357,269105
P2360,S161,Product 2360,569105
P2361,S162,Product 2361,215269
P2362,S163,Product 2362,541795
P2363,S164,Product 2363,580492
P2364,S165,Product 2364,371865
P2365,S166,Product 2365,108802
P2366,S167,Product 2366,380457
P2367,S168,Product 2367,934350
P2368,S169,Product 2368,565104
P2369,S170,Product 2369,144553
P2370,S171,Product 2370,848082
P2371,S172,Product 2371,380477
P2372,S173,Product 2372,326245
P2373,S174,Product 2373,135651
P2374,S175,Product 2374,760438
P2376,S177,Product 2376,156026
P2377,S178,Product 2377,738593
P2380,S181,Product 2380,305488
P2381,S182,Product 2381,940286
P2382,S183,Product 2382,231706
P2383,S184,Product 2383,824673
P2384,S185,Product 2384,373105
P2385,S186,Product 2385,917825
P2386,S187,Product 2386,774464
P2387,S188,Product 2387,694048
P2388,S189,Product 2388,634010
P2389,S190,Product 2389,180959
P2390,S191,Product 2390,802690
P2391,S192,Product 2391,579563
P2392,S193,Product 2392,473603
P2393,S194,Product 2393,271613
P2394,S195,Product 2394,760073
P2395,S196,Product 2395,326783
P2396,S197,Product 2396,781260
P2397,S198,Product 2397,673491
P2401,S002,Product 2401,254604
P2402,S003,Product 2402,823576
P2403,S004,Product 2403,900108
P2404,S005,Product 2404,189500
P2405,S006,Product 2405,768521
P2406,S007,Product 2406,650641
P2407,S008,Product 2407,768306
P2408,S009,Product 2408,149948
P2409,S010,Product 2409,760933
P2410,S011,Product 2410,312932
P2411,S012,Product 2411,353692
P2412,S013,Product 2412,677349
P2413,S014,Product 2413,101043
P2414,S015,Product 2414,391347
P2415,S016,Product 2415,680230
P2416,S017,Product 2416,560750
P2417,S018,Product 2417,605700
P2418,S019,Product 2418,115515
P2420,S021,Product 2420,697233
P2421,S022,Product 2421,529349
P2422,S023,Product 2422,797134
P2423,S024,Product 2423,502085
P2424,S025,Product 2424,592531
P2426,S027,Product 2426,338184
P2427,S028,Product 2427,636457
P2429,S030,Product 2429,545269
P2430,S031,Product 2430,430448
P2431,S032,Product 2431,512553
P2432,S033,Product 2432,305831
P2433,S034,Product 2433,331080
P2434,S035,Product 2434,241197
P2435,S036,Product 2435,576197
P2436,S037,Product 2436,598432
P2437,S038,Product 2437,911673
P2440,S041,Product 2440,789942
P2441,S042,Product 2441,665483
P2442,S043,Product 2442,576295
P2443,S044,Product 2443,584356
P2444,S045,Product 2444,900677
P2445,S046,Product 2445,815691
P2446,S047,Product 2446,685702
P2447,S048,Product 2447,426937
P2448,S049,Product 2448,161904
P2449,S050,Product 2449,959603
P2451,S052,Product 2451,730738
P2452,S053,Product 2452,790095
P2453,S054,Product 2453,660360
P2454,S055,Product 2454,437656
P2455,S056,Product 2455,366991
P2456,S057,Product 2456,873588
P2457,S058,Product 2457,242562
P2460,S061,Product 2460,768856
P2461,S062,Product 2461,591212
P2462,S063,Product 2462,269456
P2463,S064,Product 2463,737597
P2464,S065,Product 2464,700359
P2465,S066,Product 2465,609633
P2466,S067,Product 2466,460869
P2467,S068,Product 2467,501834
P2468,S069,Product 2468,260037
P2469,S070,Product 2469,756951
P2470,S071,Product 2470,467004
P2471,S072,Product 2471,527095
P2472,S073,Product 2472,377115
P2473,S074,Product 2473,622488
P2474,S075,Product 2474,956419
P2476,S077,Product 2476,720226
P2477,S078,Product 2477,142346
P2480,S081,Product 2480,965899
P2481,S082,Product 2481,605841
P2482,S083,Product 2482,373776
P2483,S084,Product 2483,801983
P2484,S085,Product 2484,967080
P2485,S086,Product 2485,904490
P2486,S087,Product 2486,824055
P2487,S088,Product 2487,751820
P2489,S090,Product 2489,315672
P2490,S091,Product 2490,448260
P2491,S092,Product 2491,261972
P2492,S093,Product 2492,153497
P2493,S094,Product 2493,276700
P2494,S095,Product 2494,815848
P2495,S096,Product 2495,403718
P2496,S097,Product 2496,682554
P2497,S098,Product 2497,621693
P2498,S099,Product 2498,554355
P2501,S102,Product 2501,826087
P2502,S103,Product 2502,605011
P2503,S104,Product 2503,233415
P2504,S105,Product 2504,409792
P2505,S106,Product 2505,628207
P2506,S107,Product 2506,500779
P2507,S108,Product 2507,560208
P2508,S109,Product 2508,755922
P2509,S110,Product 2509,815828
P2510,S111,Product 2510,708044
P2511,S112,Product 2511,367451
P2512,S113,Product 2512,611282
P2513,S114,Product 2513,528578
P2514,S115,Product 2514,437682
P2515,S116,Product 2515,121375
P2516,S117,Product 2516,286289
P2517,S118,Product 2517,584977
P2520,S121,Product 2520,361371
P2521,S122,Product 2521,432682
P2522,S123,Product 2522,841161
P2523,S124,Product 2523,377277
P2524,S125,Product 2524,348101
P2526,S127,Product 2526,554925
P2527,S128,Product 2527,607430
P2528,S129,Product 2528,554259
P2529,S130,Product 2529,941117
P2530,S131,Product 2530,178605
P2531,S132,Product 2531,938284
P2532,S133,Product 2532,990595
P2533,S134,Product 2533,907917
P2534,S135,Product 2534,310972
P2535,S136,Product 2535,368656
P2536,S137,Product 2536,929657
P2537,S138,Product 2537,153109
P2538,S139,Product 2538,618386
P2540,S141,Product 2540,102504
P2541,S142,Product 2541,942574
P2542,S143,Product 2542,618310
P2543,S144,Product 2543,167825
P2544,S145,Product 2544,790106
P2545,S146,Product 2545,422923
P2546,S147,Product 2546,394536
P2547,S148,Product 2547,863190
P2549,S150,Product 2549,170303
P2551,S152,Product 2551,496048
P2552,S153,Product 2552,536649
P2553,S154,Product 2553,396380
P2554,S155,Product 2554,220248
P2555,S156,Product 2555,320815
P2556,S157,Product 2556,515154
P2557,S158,Product 2557,823959
P2560,S161,Product 2560,722278
P2561,S162,Product 2561,344584
P2562,S163,Product 2562,725094
P2563,S164,Product 2563,700047
P2564,S165,Product 2564,776868
P2565,S166,Product 2565,408813
P2566,S167,Product 2566,970187
P2567,S168,Product 2567,353975
P2568,S169,Product 2568,484954
P2569,S170,Product 2569,284525
P2570,S171,Product 2570,286606
P2571,S172,Product 2571,814451
P2572,S173,Product 2572,704056
P2573,S174,Product 2573,895162
P2574,S175,Product 2574,921803
P2576,S177,Product 2576,984919
P2577,S178,Product 2577,226992
P2580,S181,Product 2580,540351
P2581,S182,Product 2581,372474
P2582,S183,Product 2582,457294
P2583,S184,Product 2583,853342
P2584,S185,Product 2584,482137
P2585,S186,Product 2585,698483
P2586,S187,Product 2586,563941
P2587,S188,Product 2587,239980
P2588,S189,Product 2588,129842
P2589,S190,Product 2589,868522
P2590,S191,Product 2590,924107
P2591,S192,Product 2591,497633
P2592,S193,Product 2592,632105
P2593,S194,Product 2593,987263
P2594,S195,Product 2594,370641
P2595,S196,Product 2595,252304
P2596,S197,Product 2596,555798
P2597,S198,Product 2597,954379
P2601,S002,Product 2601,493020
P2602,S003,Product 2602,171313
P2603,S004,Product 2603,347064
P2604,S005,Product 2604,879831
P2605,S006,Product 2605,826269
P2606,S007,Product 2606,218318
P2607,S008,Product 2607,854397
P2608,S009,Product 2608,574620
P2609,S010,Product 2609,196788
P2610,S011,Product 2610,411364
P2611,S012,Product 2611,462712
P2612,S013,Product 2612,839405
P2613,S014,Product 2613,156772
P2614,S015,Product 2614,265122
P2615,S016,Product 2615,791504
P2616,S017,Product 2616,531615
P2617,S018,Product 2617,855443
P2618,S019,Product 2618,499204
P2620,S021,Product 2620,799963
P2621,S022,Product 2621,983462
P2622,S023,Product 2622,906573
P2623,S024,Product 2623,854146
P2624,S025,Product 2624,806830
P2626,S027,Product 2626,485988
P2627,S028,Product 2627,492049
P2629,S030,Product 2629,671659
P2630,S031,Product 2630,465896
P2631,S032,Product 2631,913228
P2632,S033,Product 2632,577794
P2633,S034,Product 2633,740389
P2634,S035,Product 2634,633040
P2635,S036,Product 2635,341198
P2636,S037,Product 2636,670231
P2637,S038,Product 2637,982235
P2640,S041,Product 2640,120190
P2641,S042,Product 2641,592763
P2642,S043,Product 2642,137426
P2643,S044,Product 2643,112139
P2644,S045,Product 2644,442682
P2645,S046,Product 2645,111747
P2646,S047,Product 2646,636686
P2647,S048,Product 2647,404330
P2648,S049,Product 2648,504334
P2649,S050,Product 2649,311519
P2651,S052,Product 2651,167833
P2652,S053,Product 2652,386336
P2653,S054,Product 2653,383824
P2654,S055,Product 2654,738028
P2655,S056,Product 2655,553164
P2656,S057,Product 2656,391562
P2657,S058,Product 2657,671528
P2660,S061,Product 2660,617117
P2661,S062,Product 2661,288017
P2662,S063,Product 2662,670078
P2663,S064,Product 2663,213890
P2664,S065,Product 2664,835249
P2665,S066,Product 2665,680557
P2666,S067,Product 2666,359039
P2667,S068,Product 2667,422042
P2668,S069,Product 2668,435982
P2669,S070,Product 2669,485112
P2670,S071,Product 2670,138432
P2671,S072,Product 2671,455009
P2672,S073,Product 2672,972112
P2673,S074,Product 2673,474602
P2674,S075,Product 2674,320580
P2676,S077,Product 2676,671547
P2677,S078,Product 2677,732569
P2680,S081,Product 2680,555003
P2681,S082,Product 2681,150940
P2682,S083,Product 2682,833127
P2683,S084,Product 2683,831569
P2684,S085,Product 2684,272469
P2685,S086,Product 2685,545994
P2686,S087,Product 2686,629594
P2687,S088,Product 2687,415618
P2689,S090,Product 2689,679168
P2690,S091,Product 2690,167757
P2691,S092,Product 2691,157030
P2692,S093,Product 2692,395194
P2693,S094,Product 2693,994177
P2694,S095,Product 2694,691818
P2695,S096,Product 2695,513286
P2696,S097,Product 2696,812505
P2697,S098,Product 2697,183863
P2698,S099,Product 2698,768754
P2701,S102,Product 2701,965272
P2702,S103,Product 2702,124182
P2703,S104,Product 2703,904535
P2704,S105,Product 2704,290375
P2705,S106,Product 2705,376869
P2706,S107,Product 2706,968591
P2707,S108,Product 2707,756714
P2708,S109,Product 2708,249890
P2709,S110,Product 2709,915564
P2710,S111,Product 2710,124922
P2711,S112,Product 2711,544034
P2712,S113,Product 2712,497273
P2713,S114,Product 2713,742733
P2714,S115,Product 2714,961940
P2715,S116,Product 2715,306181
P2716,S117,Product 2716,330959
P2717,S118,Product 2717,651481
P2720,S121,Product 2720,367669
P2721,S122,Product 2721,612182
P2722,S123,Product 2722,893996
P2723,S124,Product 2723,691554
P2724,S125,Product 2724,339673
P2726,S127,Product 2726,349344
P2727,S128,Product 2727,817051
P2728,S129,Product 2728,580267
P2729,S130,Product 2729,637896
P2730,S131,Product 2730,476029
P2731,S132,Product 2731,426595
P2732,S133,Product 2732,916621
P2733,S134,Product 2733,980736
P2734,S135,Product 2734,694811
P2735,S136,Product 2735,751679
P2736,S137,Product 2736,586167
P2737,S138,Product 2737,556399
P2738,S139,Product 2738,161287
P2740,S141,Product 2740,359781
P2741,S142,Product 2741,995039
P2742,S143,Product 2742,465508
P2743,S144,Product 2743,133705
P2744,S145,Product 2744,991613
P2745,S146,Product 2745,843703
P2746,S147,Product 2746,499042
P2747,S148,Product 2747,423833
P2749,S150,Product 2749,551841
P2751,S152,Product 2751,526115
P2752,S153,Product 2752,342989
P2753,S154,Product 2753,156173
P2754,S155,Product 2754,742466
P2755,S156,Product 2755,770510
P2756,S157,Product 2756,882988
P2757,S158,Product 2757,411247
P2760,S161,Product 2760,565790
P2761,S162,Product 2761,622660
P2762,S163,Product 2762,108372
P2763,S164,Product 2763,769832
P2764,S165,Product 2764,303550
P2765,S166,Product 2765,499634
P2766,S167,Product 2766,980738
P2767,S168,Product 2767,138781
P2768,S169,Product 2768,757908
P2769,S170,Product 2769,273389
P2770,S171,Product 2770,233408
P2771,S172,Product 2771,492740
P2772,S173,Product 2772,863734
P2773,S174,Product 2773,946005
P2774,S175,Product 2774,219701
P2776,S177,Product 2776,841275
P2777,S178,Product 2777,252317
P2780,S181,Product 2780,883294
P2781,S182,Product 2781,955079
P2782,S183,Product 2782,505713
P2783,S184,Product 2783,510774
P2784,S185,Product 2784,396491
P2785,S186,Product 2785,402794
P2786,S187,Product 2786,367939
P2787,S188,Product 2787,337647
P2788,S189,Product 2788,592521
P2789,S190,Product 2789,842581
P2790,S191,Product 2790,429654
P2791,S192,Product 2791,311241
P2792,S193,Product 2792,615972
P2793,S194,Product 2793,127694
P2794,S195,Product 2794,301195
P2795,S196,Product 2795,566323
P2796,S197,Product 2796,883030
P2797,S198,Product 2797,605875
P2801,S002,Product 2801,325986
P2802,S003,Product 2802,146190
P2803,S004,Product 2803,422721
P2804,S005,Product 2804,670027
P2805,S006,Product 2805,910964
P2806,S007,Product 2806,653729
P2807,S008,Product 2807,428930
P2808,S009,Product 2808,485351
P2809,S010,Product 2809,153444
P2810,S011,Product 2810,167285
P2811,S012,Product 2811,327440
P2812,S013,Product 2812,564316
P2813,S014,Product 2813,835085
P2814,S015,Product 2814,552393
P2815,S016,Product 2815,369957
P2816,S017,Product 2816,673540
P2817,S018,Product 2817,557041
P2818,S019,Product 2818,968451
P2820,S021,Product 2820,309827
P2821,S022,Product 2821,542646
P2822,S023,Product 2822,871488
P2823,S024,Product 2823,411242
P2824,S025,Product 2824,830354
P2826,S027,Product 2826,547222
P2827,S028,Product 2827,943816
P2829,S030,Product 2829,667944
P2830,S031,Product 2830,958312
P2831,S032,Product 2831,833676
P2832,S033,Product 2832,631235
P2833,S034,Product 2833,569523
P2834,S035,Product 2834,671269
P2835,S036,Product 2835,959737
P2836,S037,Product 2836,650167
P2837,S038,Product 2837,157983
P2840,S041,Product 2840,114388
P2841,S042,Product 2841,797647
P2842,S043,Product 2842,557505
P2843,S044,Product 2843,728923
P2844,S045,Product 2844,390670
P2845,S046,Product 2845,811608
P2846,S047,Product 2846,709718
P2847,S048,Product 2847,612788
P2848,S049,Product 2848,276972
P2849,S050,Product 2849,649157
P2851,S052,Product 2851,161632
P2852,S053,Product 2852,372686
P2853,S054,Product 2853,789972
P2854,S055,Product 2854,100579
P2855,S056,Product 2855,504684
P2856,S057,Product 2856,438523
P2857,S058,Product 2857,231581
P2860,S061,Product 2860,622279
P2861,S062,Product 2861,129011
P2862,S063,Product 2862,202158
P2863,S064,Product 2863,722789
P2864,S065,Product 2864,719645
P2865,S066,Product 2865,438307
P2866,S067,Product 2866,681560
P2867,S068,Product 2867,948592
P2868,S069,Product 2868,632110
P2869,S070,Product 2869,748378
P2870,S071,Product 2870,242204
P2871,S072,Product 2871,926199
P2872,S073,Product 2872,235926
P2873,S074,Product 2873,471331
P2874,S075,Product 2874,520351
P2876,S077,Product 2876,705512
P2877,S078,Product 2877,320557
P2880,S081,Product 2880,446870
P2881,S082,Product 2881,289194
P2882,S083,Product 2882,740751
P2883,S084,Product 2883,910712
P2884,S085,Product 2884,273119
P2885,S086,Product 2885,957044
P2886,S087,Product 2886,827059
P2887,S088,Product 2887,919731
P2889,S090,Product 2889,593515
P2890,S091,Product 2890,876055
P2891,S092,Product 2891,558143
P2892,S093,Product 2892,142056
P2893,S094,Product 2893,145722
P2894,S095,Product 2894,821319
P2895,S096,Product 2895,692389
P2896,S097,Product 2896,539764
P2897,S098,Product 2897,668407
P2898,S099,Product 2898,687165
P2901,S102,Product 2901,866504
P2902,S103,Product 2902,317875
P2903,S104,Product 2903,337210
P2904,S105,Product 2904,295299
P2905,S106,Product 2905,215907
P2906,S107,Product 2906,691075
P2907,S108,Product 2907,163973
P2908,S109,Product 2908,469662
P2909,S110,Product 2909,587534
P2910,S111,Product 2910,955421
P2911,S112,Product 2911,697028
P2912,S113,Product 2912,485463
P2913,S114,Product 2913,140646
P2914,S115,Product 2914,893700
P2915,S116,Product 2915,586484
P2916,S117,Product 2916,649160
P2917,S118,Product 2917,972763
P2920,S121,Product 2920,958161
P2921,S122,Product 2921,695799
P2922,S123,Product 2922,735285
P2923,S124,Product 2923,674601
P2924,S125,Product 2924,226432
P2926,S127,Product 2926,124551
P2927,S128,Product 2927,566063
P2928,S129,Product 2928,773500
P2929,S130,Product 2929,675826
P2930,S131,Product 2930,492710
P2931,S132,Product 2931,892745
P2932,S133,Product 2932,172398
P2933,S134,Product 2933,477391
P2934,S135,Product 2934,878741
P2935,S136,Product 2935,144233
P2936,S137,Product 2936,311757
P2937,S138,Product 2937,292532
P2938,S139,Product 2938,191713
P2940,S141,Product 2940,377477
P2941,S142,Product 2941,742657
P2942,S143,Product 2942,394271
P2943,S144,Product 2943,921356
P2944,S145,Product 2944,678402
P2945,S146,Product 2945,105914
P2946,S147,Product 2946,161511
P2947,S148,Product 2947,961209
P2949,S150,Product 2949,406923
P2951,S152,Product 2951,121346
P2952,S153,Product 2952,255397
P2953,S154,Product 2953,908198
P2954,S155,Product 2954,917623
P2955,S156,Product 2955,743501
P2956,S157,Product 2956,179426
P2957,S158,Product 2957,105224
P2960,S161,Product 2960,550793
P2961,S162,Product 2961,464601
P2962,S163,Product 2962,603497
P2963,S164,Product 2963,578804
P2964,S165,Product 2964,161343
P2965,S166,Product 2965,664722
P2966,S167,Product 2966,135830
P2967,S168,Product 2967,816199
P2968,S169,Product 2968,255401
P2969,S170,Product 2969,241145
P2970,S171,Product 2970,510700
P2971,S172,Product 2971,409870
P2972,S173,Product 2972,200271
P2973,S174,Product 2973,953064
P2974,S175,Product 2974,892549
P2976,S177,Product 2976,346701
P2977,S178,Product 2977,294380
P2980,S181,Product 2980,410518
P2981,S182,Product 2981,264457
P2982,S183,Product 2982,364253
P2983,S184,Product 2983,980401
P2984,S185,Product 2984,379909
P2985,S186,Product 2985,320699
P2986,S187,Product 2986,174290
P2987,S188,Product 2987,238831
P2988,S189,Product 2988,277250
P2989,S190,Product 2989,419479
P2990,S191,Product 2990,592584
P2991,S192,Product 2991,321009
P2992,S193,Product 2992,242862
P2993,S194,Product 2993,994064
P2994,S195,Product 2994,683896
P2995,S196,Product 2995,628238
P2996,S197,Product 2996,517355
P2997,S198,Product 2997,709237
