order_item_id,order_id,variant_id,quantity,price
OI00001,O0002,V00002,3,490822
OI00002,O0003,V00003,1,301008
OI00003,O0004,V00004,4,360191
OI00004,O0005,V00005,3,123851
OI00005,O0006,V00006,1,362061
OI00006,O0007,V00007,2,501226
OI00007,O0008,V00008,3,435753
OI00008,O0009,V00009,1,496564
OI00009,O0010,V00010,3,166866
OI00010,O0011,V00011,5,476144
OI00011,O0012,V00012,3,551274
OI00012,O0013,V00013,3,593744
OI00013,O0014,V00014,2,284942
OI00014,O0015,V00015,5,131002
OI00015,O0016,V00016,2,501039
OI00016,O0017,V00017,4,298675
OI00017,O0018,V00018,5,587058
OI00018,O0019,V00019,1,109834
OI00019,O0020,V00020,5,327968
OI00020,O0021,V00021,3,452383
OI00021,O0022,V00022,5,552426
OI00022,O0023,V00023,3,566830
OI00023,O0024,V00024,2,162078
OI00024,O0025,V00025,4,426684
OI00025,O0026,V00026,5,472574
OI00026,O0027,V00027,5,442685
OI00027,O0028,V00028,4,269539
OI00028,O0029,V00029,4,339935
OI00029,O0030,V00030,5,429678
OI00030,O9999,V00031,1,446486
OI00031,O0032,V00032,5,216614
OI00032,O0033,V00033,5,319013
OI00033,O0034,V00034,4,428691
OI00034,O0035,V00035,1,398470
OI00035,O0036,V00036,1,431926
OI00036,O0037,V00037,2,410518
OI00037,O0038,V00038,1,509923
OI00038,O0039,V00039,5,390112
OI00039,O0040,V00040,5,334396
OI00040,O0041,V00041,3,515428
OI00041,O0042,V00042,2,595883
OI00042,O0043,V00043,4,248580
OI00043,O0044,V00044,1,514811
OI00044,O0045,V00045,3,106699
OI00045,O0046,V00046,5,165972
OI00046,O0047,V00047,4,505914
OI00047,O0048,V00048,1,503825
OI00048,O0049,V00049,3,137553
OI00049,O0050,V00050,1,302976
OI00050,O0051,V00051,2,312950
OI00051,O0052,V00052,3,143317
OI00052,O0053,V00053,1,420516
OI00053,O0054,V00054,5,525227
OI00054,O0055,V00055,4,377395
OI00055,O0056,V00056,2,400824
OI00056,O0057,V00057,2,294496
OI00057,O0058,V00058,5,301356
OI00058,O0059,V00059,2,561754
OI00059,O0060,V00060,5,471590
OI00060,O9999,V00061,2,433897
OI00061,O0062,V00062,2,544595
OI00062,O0063,V00063,4,171802
OI00063,O0064,V00064,5,221060
OI00064,O0065,V00065,1,530922
OI00065,O0066,V00066,2,242730
OI00066,O0067,V00067,2,245519
OI00067,O0068,V00068,4,417905
OI00068,O0069,V00069,3,318590
OI00069,O0070,V00070,2,286710
OI00070,O0071,V00071,3,511196
OI00071,O0072,V00072,2,518407
OI00072,O0073,V00073,3,551045
OI00073,O0074,V00074,5,352085
OI00074,O0075,V00075,4,192466
OI00075,O0076,V00076,4,153336
OI00076,O0077,V00077,3,510187
OI00077,O0078,V00078,3,519488
OI00078,O0079,V00079,2,569417
OI00079,O0080,V00080,5,407475
OI00080,O0081,V00081,2,423622
OI00081,O0082,V00082,3,356776
OI00082,O0083,V00083,1,446340
OI00083,O0084,V00084,3,206142
OI00084,O0085,V00085,3,494519
OI00085,O0086,V00086,2,178457
OI00086,O0087,V00087,2,261807
OI00087,O0088,V00088,3,365851
OI00088,O0089,V00089,3,135717
OI00089,O0090,V00090,4,594139
OI00090,O9999,V00091,1,207106
OI00091,O0092,V00092,3,545733
OI00092,O0093,V00093,4,564711
OI00093,O0094,V00094,4,424910
OI00094,O0095,V00095,1,151036
OI00095,O0096,V00096,5,111793
OI00096,O0097,V00097,1,442104
OI00097,O0098,V00098,3,165803
OI00098,O0099,V00099,3,136778
OI00099,O0100,V00100,4,504912
OI00100,O0101,V00101,2,359842
OI00101,O0102,V00102,2,146536
OI00102,O0103,V00103,5,226783
OI00103,O0104,V00104,5,273225
OI00104,O0105,V00105,1,374646
OI00105,O0106,V00106,4,123026
OI00106,O0107,V00107,1,103772
OI00107,O0108,V00108,4,407713
OI00108,O0109,V00109,4,154480
OI00109,O0110,V00110,1,424465
OI00110,O0111,V00111,1,457127
OI00111,O0112,V00112,5,163700
OI00112,O0113,V00113,3,443733
OI00113,O0114,V00114,4,472937
OI00114,O0115,V00115,4,137141
OI00115,O0116,V00116,5,470650
OI00116,O0117,V00117,3,566325
OI00117,O0118,V00118,1,391701
OI00118,O0119,V00119,3,494881
OI00119,O0120,V00120,4,557605
OI00120,O9999,V00121,4,359947
OI00121,O0122,V00122,4,568332
OI00122,O0123,V00123,3,102164
OI00123,O0124,V00124,4,390303
OI00124,O0125,V00125,4,442138
OI00125,O0126,V00126,5,575710
OI00126,O0127,V00127,5,260317
OI00127,O0128,V00128,1,152910
OI00128,O0129,V00129,3,278799
OI00129,O0130,V00130,5,125269
OI00130,O0131,V00131,5,381528
OI00131,O0132,V00132,5,253906
OI00132,O0133,V00133,3,151107
OI00133,O0134,V00134,3,532246
OI00134,O0135,V00135,1,443561
OI00135,O0136,V00136,2,241091
OI00136,O0137,V00137,3,425944
OI00137,O0138,V00138,5,542143
OI00138,O0139,V00139,4,577023
OI00139,O0140,V00140,3,166069
OI00140,O0141,V00141,4,434841
OI00141,O0142,V00142,3,382984
OI00142,O0143,V00143,3,357235
OI00143,O0144,V00144,2,596117
OI00144,O0145,V00145,3,560124
OI00145,O0146,V00146,4,440900
OI00146,O0147,V00147,1,512552
OI00147,O0148,V00148,4,182698
OI00148,O0149,V00149,2,366721
OI00149,O0150,V00150,2,158687
OI00150,O9999,V00151,1,538922
OI00151,O0152,V00152,1,393015
OI00152,O0153,V00153,5,373073
OI00153,O0154,V00154,2,107519
OI00154,O0155,V00155,2,475057
OI00155,O0156,V00156,3,474485
OI00156,O0157,V00157,2,599041
OI00157,O0158,V00158,4,465828
OI00158,O0159,V00159,2,341245
OI00159,O0160,V00160,1,197147
OI00160,O0161,V00161,3,247470
OI00161,O0162,V00162,4,330729
OI00162,O0163,V00163,5,265049
OI00163,O0164,V00164,1,265432
OI00164,O0165,V00165,2,437793
OI00165,O0166,V00166,5,440355
OI00166,O0167,V00167,3,471097
OI00167,O0168,V00168,5,419924
OI00168,O0169,V00169,4,541034
OI00169,O0170,V00170,1,492511
OI00170,O0171,V00171,3,489886
OI00171,O0172,V00172,4,210612
OI00172,O0173,V00173,1,452743
OI00173,O0174,V00174,1,281029
OI00174,O0175,V00175,5,473998
OI00175,O0176,V00176,1,278645
OI00176,O0177,V00177,2,592379
OI00177,O0178,V00178,4,298329
OI00178,O0179,V00179,3,158590
OI00179,O0180,V00180,1,173422
OI00180,O9999,V00181,4,584377
OI00181,O0182,V00182,5,411254
OI00182,O0183,V00183,4,193962
OI00183,O0184,V00184,2,463408
OI00184,O0185,V00185,3,515160
OI00185,O0186,V00186,1,291539
OI00186,O0187,V00187,5,204121
OI00187,O0188,V00188,2,380647
OI00188,O0189,V00189,4,148125
OI00189,O0190,V00190,4,313088
OI00190,O0191,V00191,2,521531
OI00191,O0192,V00192,5,356023
OI00192,O0193,V00193,2,561334
OI00193,O0194,V00194,5,569159
OI00194,O0195,V00195,1,233708
OI00195,O0196,V00196,5,232289
OI00196,O0197,V00197,4,390203
OI00197,O0198,V00198,1,520397
OI00198,O0199,V00199,2,447472
OI00199,O0200,V00200,4,196638
OI00200,O0201,V00201,2,182029
OI00201,O0202,V00202,1,363247
OI00202,O0203,V00203,5,391350
OI00203,O0204,V00204,5,100768
OI00204,O0205,V00205,3,368121
OI00205,O0206,V00206,3,383720
OI00206,O0207,V00207,5,574712
OI00207,O0208,V00208,3,350229
OI00208,O0209,V00209,3,521236
OI00209,O0210,V00210,2,450695
OI00210,O9999,V00211,4,195031
OI00211,O0212,V00212,1,154597
OI00212,O0213,V00213,3,437565
OI00213,O0214,V00214,3,279643
OI00214,O0215,V00215,1,586208
OI00215,O0216,V00216,2,245105
OI00216,O0217,V00217,1,483711
OI00217,O0218,V00218,4,313833
OI00218,O0219,V00219,1,399723
OI00219,O0220,V00220,5,446516
OI00220,O0221,V00221,1,393230
OI00221,O0222,V00222,3,544241
OI00222,O0223,V00223,4,193976
OI00223,O0224,V00224,1,442787
OI00224,O0225,V00225,4,386855
OI00225,O0226,V00226,4,534478
OI00226,O0227,V00227,3,130834
OI00227,O0228,V00228,1,265006
OI00228,O0229,V00229,4,368882
OI00229,O0230,V00230,1,545204
OI00230,O0231,V00231,1,472302
OI00231,O0232,V00232,3,104190
OI00232,O0233,V00233,5,423137
OI00233,O0234,V00234,2,127794
OI00234,O0235,V00235,5,179082
OI00235,O0236,V00236,3,427223
OI00236,O0237,V00237,3,318768
OI00237,O0238,V00238,1,472528
OI00238,O0239,V00239,4,162320
OI00239,O0240,V00240,5,135061
OI00240,O9999,V00241,3,161412
OI00241,O0242,V00242,4,498255
OI00242,O0243,V00243,1,557746
OI00243,O0244,V00244,2,270448
OI00244,O0245,V00245,2,133134
OI00245,O0246,V00246,1,158285
OI00246,O0247,V00247,5,576461
OI00247,O0248,V00248,2,533754
OI00248,O0249,V00249,1,447975
OI00249,O0250,V00250,1,302400
OI00250,O0251,V00251,5,324296
OI00251,O0252,V00252,2,180157
OI00252,O0253,V00253,4,442355
OI00253,O0254,V00254,1,387448
OI00254,O0255,V00255,3,144339
OI00255,O0256,V00256,4,335327
OI00256,O0257,V00257,1,210208
OI00257,O0258,V00258,1,364511
OI00258,O0259,V00259,4,172682
OI00259,O0260,V00260,5,235391
OI00260,O0261,V00261,5,109926
OI00261,O0262,V00262,2,588570
OI00262,O0263,V00263,5,225138
OI00263,O0264,V00264,4,547671
OI00264,O0265,V00265,3,389414
OI00265,O0266,V00266,2,293094
OI00266,O0267,V00267,4,311192
OI00267,O0268,V00268,5,420537
OI00268,O0269,V00269,5,547116
OI00269,O0270,V00270,4,598685
OI00270,O9999,V00271,2,182455
OI00271,O0272,V00272,4,248180
OI00272,O0273,V00273,3,156302
OI00273,O0274,V00274,1,179217
OI00274,O0275,V00275,5,233712
OI00275,O0276,V00276,4,520367
OI00276,O0277,V00277,3,581932
OI00277,O0278,V00278,3,306029
OI00278,O0279,V00279,5,506736
OI00279,O0280,V00280,4,364042
OI00280,O0281,V00281,1,295792
OI00281,O0282,V00282,1,380857
OI00282,O0283,V00283,5,248687
OI00283,O0284,V00284,5,562209
OI00284,O0285,V00285,2,511725
OI00285,O0286,V00286,1,590388
OI00286,O0287,V00287,5,288493
OI00287,O0288,V00288,2,209994
OI00288,O0289,V00289,4,427490
OI00289,O0290,V00290,5,245081
OI00290,O0291,V00291,3,377078
OI00291,O0292,V00292,5,392883
OI00292,O0293,V00293,5,552278
OI00293,O0294,V00294,2,335452
OI00294,O0295,V00295,4,389373
OI00295,O0296,V00296,5,384935
OI00296,O0297,V00297,2,517371
OI00297,O0298,V00298,1,285100
OI00298,O0299,V00299,2,274465
OI00299,O0300,V00300,2,479720
OI00300,O9999,V00301,3,561452
OI00301,O0302,V00302,4,543984
OI00302,O0303,V00303,1,101388
OI00303,O0304,V00304,3,441171
OI00304,O0305,V00305,2,359920
OI00305,O0306,V00306,3,422188
OI00306,O0307,V00307,2,350576
OI00307,O0308,V00308,4,150657
OI00308,O0309,V00309,1,214071
OI00309,O0310,V00310,3,555643
OI00310,O0311,V00311,4,383210
OI00311,O0312,V00312,5,267618
OI00312,O0313,V00313,3,473369
OI00313,O0314,V00314,5,296628
OI00314,O0315,V00315,5,548609
OI00315,O0316,V00316,5,202689
OI00316,O0317,V00317,2,264284
OI00317,O0318,V00318,4,156454
OI00318,O0319,V00319,4,493062
OI00319,O0320,V00320,4,146341
OI00320,O0321,V00321,2,534764
OI00321,O0322,V00322,4,205149
OI00322,O0323,V00323,2,330259
OI00323,O0324,V00324,2,400875
OI00324,O0325,V00325,5,412035
OI00325,O0326,V00326,1,517821
OI00326,O0327,V00327,2,496110
OI00327,O0328,V00328,4,361806
OI00328,O0329,V00329,3,235552
OI00329,O0330,V00330,2,123427
OI00330,O9999,V00331,2,390788
OI00331,O0332,V00332,4,473601
OI00332,O0333,V00333,1,569937
OI00333,O0334,V00334,2,217897
OI00334,O0335,V00335,4,305840
OI00335,O0336,V00336,3,465938
OI00336,O0337,V00337,3,589771
OI00337,O0338,V00338,2,547521
OI00338,O0339,V00339,4,120787
OI00339,O0340,V00340,5,335431
OI00340,O0341,V00341,3,370766
OI00341,O0342,V00342,5,155862
OI00342,O0343,V00343,1,315611
OI00343,O0344,V00344,4,385569
OI00344,O0345,V00345,1,392195
OI00345,O0346,V00346,3,272880
OI00346,O0347,V00347,1,368222
OI00347,O0348,V00348,4,417757
OI00348,O0349,V00349,1,371935
OI00349,O0350,V00350,4,484558
OI00350,O0351,V00351,5,103454
OI00351,O0352,V00352,1,553711
OI00352,O0353,V00353,1,443743
OI00353,O0354,V00354,2,430027
OI00354,O0355,V00355,3,357348
OI00355,O0356,V00356,1,227591
OI00356,O0357,V00357,2,235212
OI00357,O0358,V00358,1,417627
OI00358,O0359,V00359,5,122598
OI00359,O0360,V00360,2,385486
OI00360,O9999,V00361,2,532374
OI00361,O0362,V00362,4,597741
OI00362,O0363,V00363,5,190723
OI00363,O0364,V00364,1,543943
OI00364,O0365,V00365,5,301882
OI00365,O0366,V00366,4,425608
OI00366,O0367,V00367,3,390051
OI00367,O0368,V00368,3,194928
OI00368,O0369,V00369,4,250622
OI00369,O0370,V00370,4,110639
OI00370,O0371,V00371,1,238393
OI00371,O0372,V00372,1,293824
OI00372,O0373,V00373,5,361425
OI00373,O0374,V00374,3,353535
OI00374,O0375,V00375,3,441986
OI00375,O0376,V00376,4,484520
OI00376,O0377,V00377,3,157806
OI00377,O0378,V00378,1,362190
OI00378,O0379,V00379,1,491110
OI00379,O0380,V00380,4,210100
OI00380,O0381,V00381,3,161271
OI00381,O0382,V00382,2,232683
OI00382,O0383,V00383,2,489971
OI00383,O0384,V00384,3,115913
OI00384,O0385,V00385,2,413659
OI00385,O0386,V00386,3,298338
OI00386,O0387,V00387,5,563719
OI00387,O0388,V00388,4,424230
OI00388,O0389,V00389,5,599410
OI00389,O0390,V00390,3,126231
OI00390,O9999,V00391,5,445220
OI00391,O0392,V00392,4,332389
OI00392,O0393,V00393,4,280413
OI00393,O0394,V00394,2,102471
OI00394,O0395,V00395,5,396347
OI00395,O0396,V00396,4,181336
OI00396,O0397,V00397,5,183593
OI00397,O0398,V00398,4,556012
OI00398,O0399,V00399,3,313764
OI00399,O0400,V00400,4,112270
OI00400,O0401,V00401,5,361898
OI00401,O0402,V00402,2,247095
OI00402,O0403,V00403,5,532289
OI00403,O0404,V00404,5,212717
OI00404,O0405,V00405,2,195426
OI00405,O0406,V00406,4,379382
OI00406,O0407,V00407,1,240736
OI00407,O0408,V00408,4,392695
OI00408,O0409,V00409,5,185817
OI00409,O0410,V00410,3,458541
OI00410,O0411,V00411,5,114872
OI00411,O0412,V00412,2,456711
OI00412,O0413,V00413,5,368579
OI00413,O0414,V00414,4,183166
OI00414,O0415,V00415,4,366728
OI00415,O0416,V00416,1,459635
OI00416,O0417,V00417,2,206879
OI00417,O0418,V00418,5,486115
OI00418,O0419,V00419,4,165532
OI00419,O0420,V00420,2,306729
OI00420,O9999,V00421,4,137333
OI00421,O0422,V00422,5,207440
OI00422,O0423,V00423,3,212458
OI00423,O0424,V00424,3,514323
OI00424,O0425,V00425,2,111477
OI00425,O0426,V00426,1,136788
OI00426,O0427,V00427,3,553007
OI00427,O0428,V00428,2,253781
OI00428,O0429,V00429,2,532283
OI00429,O0430,V00430,3,493462
OI00430,O0431,V00431,5,496532
OI00431,O0432,V00432,4,372043
OI00432,O0433,V00433,1,390575
OI00433,O0434,V00434,5,372185
OI00434,O0435,V00435,1,588492
OI00435,O0436,V00436,2,122126
OI00436,O0437,V00437,1,266559
OI00437,O0438,V00438,5,304666
OI00438,O0439,V00439,3,582741
OI00439,O0440,V00440,3,176077
OI00440,O0441,V00441,5,590757
OI00441,O0442,V00442,3,523630
OI00442,O0443,V00443,3,160148
OI00443,O0444,V00444,2,212854
OI00444,O0445,V00445,1,543749
OI00445,O0446,V00446,2,511591
OI00446,O0447,V00447,3,530523
OI00447,O0448,V00448,5,259180
OI00448,O0449,V00449,2,599084
OI00449,O0450,V00450,3,278286
OI00450,O9999,V00451,2,371045
OI00451,O0452,V00452,4,393967
OI00452,O0453,V00453,3,300404
OI00453,O0454,V00454,2,280519
OI00454,O0455,V00455,4,572406
OI00455,O0456,V00456,1,162745
OI00456,O0457,V00457,1,548125
OI00457,O0458,V00458,2,413842
OI00458,O0459,V00459,3,286685
OI00459,O0460,V00460,5,357117
OI00460,O0461,V00461,3,359283
OI00461,O0462,V00462,4,112997
OI00462,O0463,V00463,1,152114
OI00463,O0464,V00464,4,433128
OI00464,O0465,V00465,4,585804
OI00465,O0466,V00466,5,218772
OI00466,O0467,V00467,1,226970
OI00467,O0468,V00468,5,576098
OI00468,O0469,V00469,3,473800
OI00469,O0470,V00470,1,252428
OI00470,O0471,V00471,2,301568
OI00471,O0472,V00472,2,316299
OI00472,O0473,V00473,3,158385
OI00473,O0474,V00474,1,324337
OI00474,O0475,V00475,5,205275
OI00475,O0476,V00476,2,190720
OI00476,O0477,V00477,5,579802
OI00477,O0478,V00478,2,230373
OI00478,O0479,V00479,2,503341
OI00479,O0480,V00480,2,212117
OI00480,O9999,V00481,3,391170
OI00481,O0482,V00482,5,381890
OI00482,O0483,V00483,4,420256
OI00483,O0484,V00484,1,445817
OI00484,O0485,V00485,4,205872
OI00485,O0486,V00486,1,425052
OI00486,O0487,V00487,3,254856
OI00487,O0488,V00488,5,267575
OI00488,O0489,V00489,5,506101
OI00489,O0490,V00490,5,488097
OI00490,O0491,V00491,3,144869
OI00491,O0492,V00492,2,552721
OI00492,O0493,V00493,1,338479
OI00493,O0494,V00494,4,515674
OI00494,O0495,V00495,4,173663
OI00495,O0496,V00496,1,326597
OI00496,O0497,V00497,3,504578
OI00497,O0498,V00498,5,311433
OI00498,O0499,V00499,1,316682
OI00499,O0500,V00500,1,253578
OI00500,O0501,V00501,4,516766
OI00501,O0502,V00502,1,561387
OI00502,O0503,V00503,3,552834
OI00503,O0504,V00504,2,226737
OI00504,O0505,V00505,4,459998
OI00505,O0506,V00506,2,335445
OI00506,O0507,V00507,3,488077
OI00507,O0508,V00508,1,207109
OI00508,O0509,V00509,1,309573
OI00509,O0510,V00510,2,264889
OI00510,O9999,V00511,2,447646
OI00511,O0512,V00512,2,418541
OI00512,O0513,V00513,5,226656
OI00513,O0514,V00514,3,446688
OI00514,O0515,V00515,5,257101
OI00515,O0516,V00516,2,561415
OI00516,O0517,V00517,5,174952
OI00517,O0518,V00518,4,473070
OI00518,O0519,V00519,3,173345
OI00519,O0520,V00520,1,270572
OI00520,O0521,V00521,3,265791
OI00521,O0522,V00522,3,237218
OI00522,O0523,V00523,3,128456
OI00523,O0524,V00524,2,525169
OI00524,O0525,V00525,5,449456
OI00525,O0526,V00526,2,151157
OI00526,O0527,V00527,1,259003
OI00527,O0528,V00528,2,179553
OI00528,O0529,V00529,2,120880
OI00529,O0530,V00530,5,229752
OI00530,O0531,V00531,5,526941
OI00531,O0532,V00532,3,446533
OI00532,O0533,V00533,2,323713
OI00533,O0534,V00534,4,255352
OI00534,O0535,V00535,1,593530
OI00535,O0536,V00536,2,139518
OI00536,O0537,V00537,3,501164
OI00537,O0538,V00538,2,284347
OI00538,O0539,V00539,1,213162
OI00539,O0540,V00540,4,534727
OI00540,O9999,V00541,2,391524
OI00541,O0542,V00542,2,236994
OI00542,O0543,V00543,5,583405
OI00543,O0544,V00544,4,114901
OI00544,O0545,V00545,1,230951
OI00545,O0546,V00546,3,169255
OI00546,O0547,V00547,2,261869
OI00547,O0548,V00548,1,508088
OI00548,O0549,V00549,1,272701
OI00549,O0550,V00550,3,188446
OI00550,O0551,V00551,1,349057
OI00551,O0552,V00552,3,596921
OI00552,O0553,V00553,3,200121
OI00553,O0554,V00554,1,198517
OI00554,O0555,V00555,4,274438
OI00555,O0556,V00556,2,512700
OI00556,O0557,V00557,5,573301
OI00557,O0558,V00558,4,360277
OI00558,O0559,V00559,3,455878
OI00559,O0560,V00560,4,560829
OI00560,O0561,V00561,4,158584
OI00561,O0562,V00562,3,373344
OI00562,O0563,V00563,5,367922
OI00563,O0564,V00564,2,337236
OI00564,O0565,V00565,1,170577
OI00565,O0566,V00566,2,350835
OI00566,O0567,V00567,5,432265
OI00567,O0568,V00568,1,314387
OI00568,O0569,V00569,2,241370
OI00569,O0570,V00570,4,328291
OI00570,O9999,V00571,3,197425
OI00571,O0572,V00572,4,509924
OI00572,O0573,V00573,3,550135
OI00573,O0574,V00574,1,168513
OI00574,O0575,V00575,1,377914
OI00575,O0576,V00576,2,213325
OI00576,O0577,V00577,2,119638
OI00577,O0578,V00578,4,120824
OI00578,O0579,V00579,3,214272
OI00579,O0580,V00580,1,126861
OI00580,O0581,V00581,2,104335
OI00581,O0582,V00582,3,317195
OI00582,O0583,V00583,5,238343
OI00583,O0584,V00584,4,172190
OI00584,O0585,V00585,5,504195
OI00585,O0586,V00586,5,309018
OI00586,O0587,V00587,4,478687
OI00587,O0588,V00588,2,239411
OI00588,O0589,V00589,3,459327
OI00589,O0590,V00590,3,223099
OI00590,O0591,V00591,3,545407
OI00591,O0592,V00592,2,393817
OI00592,O0593,V00593,5,311607
OI00593,O0594,V00594,4,417922
OI00594,O0595,V00595,5,183851
OI00595,O0596,V00596,3,277271
OI00596,O0597,V00597,2,252685
OI00597,O0598,V00598,2,182747
OI00598,O0599,V00599,2,285007
OI00599,O0600,V00600,1,232943
OI00600,O9999,V00601,3,337417
OI00601,O0602,V00602,3,308204
OI00602,O0603,V00603,3,468227
OI00603,O0604,V00604,2,125821
OI00604,O0605,V00605,3,236256
OI00605,O0606,V00606,1,555638
OI00606,O0607,V00607,4,204647
OI00607,O0608,V00608,4,375380
OI00608,O0609,V00609,3,161326
OI00609,O0610,V00610,4,495091
OI00610,O0611,V00611,3,284038
OI00611,O0612,V00612,1,256038
OI00612,O0613,V00613,5,145982
OI00613,O0614,V00614,2,541398
OI00614,O0615,V00615,5,463860
OI00615,O0616,V00616,1,146682
OI00616,O0617,V00617,3,148671
OI00617,O0618,V00618,5,434672
OI00618,O0619,V00619,3,255058
OI00619,O0620,V00620,4,103893
OI00620,O0621,V00621,2,529997
OI00621,O0622,V00622,4,392359
OI00622,O0623,V00623,2,459974
OI00623,O0624,V00624,2,494932
OI00624,O0625,V00625,5,449456
OI00625,O0626,V00626,2,371198
OI00626,O0627,V00627,2,533445
OI00627,O0628,V00628,3,322989
OI00628,O0629,V00629,2,545621
OI00629,O0630,V00630,2,437489
OI00630,O9999,V00631,4,565259
OI00631,O0632,V00632,3,598387
OI00632,O0633,V00633,2,437592
OI00633,O0634,V00634,1,151415
OI00634,O0635,V00635,4,183423
OI00635,O0636,V00636,3,496337
OI00636,O0637,V00637,1,191068
OI00637,O0638,V00638,1,346944
OI00638,O0639,V00639,2,258546
OI00639,O0640,V00640,2,244171
OI00640,O0641,V00641,1,413295
OI00641,O0642,V00642,3,308695
OI00642,O0643,V00643,4,154046
OI00643,O0644,V00644,2,542050
OI00644,O0645,V00645,2,282825
OI00645,O0646,V00646,1,189567
OI00646,O0647,V00647,1,367560
OI00647,O0648,V00648,1,219630
OI00648,O0649,V00649,5,351210
OI00649,O0650,V00650,5,450359
OI00650,O0651,V00651,2,381759
OI00651,O0652,V00652,1,320547
OI00652,O0653,V00653,4,122177
OI00653,O0654,V00654,2,183352
OI00654,O0655,V00655,1,277693
OI00655,O0656,V00656,3,195567
OI00656,O0657,V00657,1,562849
OI00657,O0658,V00658,5,319827
OI00658,O0659,V00659,3,326819
OI00659,O0660,V00660,4,223640
OI00660,O9999,V00661,1,249579
OI00661,O0662,V00662,2,171413
OI00662,O0663,V00663,3,532574
OI00663,O0664,V00664,3,173471
OI00664,O0665,V00665,4,281353
OI00665,O0666,V00666,3,481764
OI00666,O0667,V00667,2,455014
OI00667,O0668,V00668,4,576673
OI00668,O0669,V00669,1,233806
OI00669,O0670,V00670,4,226912
OI00670,O0671,V00671,3,440347
OI00671,O0672,V00672,5,325330
OI00672,O0673,V00673,1,524280
OI00673,O0674,V00674,2,243685
OI00674,O0675,V00675,1,399912
OI00675,O0676,V00676,3,572162
OI00676,O0677,V00677,5,365328
OI00677,O0678,V00678,5,514149
OI00678,O0679,V00679,4,450946
OI00679,O0680,V00680,2,572666
OI00680,O0681,V00681,3,369799
OI00681,O0682,V00682,4,461873
OI00682,O0683,V00683,3,320520
OI00683,O0684,V00684,2,448157
OI00684,O0685,V00685,5,566584
OI00685,O0686,V00686,2,116494
OI00686,O0687,V00687,3,398466
OI00687,O0688,V00688,1,236841
OI00688,O0689,V00689,2,178378
OI00689,O0690,V00690,2,129025
OI00690,O9999,V00691,2,496803
OI00691,O0692,V00692,2,264053
OI00692,O0693,V00693,5,310285
OI00693,O0694,V00694,5,183846
OI00694,O0695,V00695,1,508200
OI00695,O0696,V00696,3,587474
OI00696,O0697,V00697,1,153561
OI00697,O0698,V00698,1,100626
OI00698,O0699,V00699,4,511000
OI00699,O0700,V00700,5,467276
OI00700,O0701,V00701,1,165652
OI00701,O0702,V00702,1,368470
OI00702,O0703,V00703,4,128163
OI00703,O0704,V00704,2,411880
OI00704,O0705,V00705,5,211946
OI00705,O0706,V00706,2,204284
OI00706,O0707,V00707,2,256838
OI00707,O0708,V00708,1,345381
OI00708,O0709,V00709,4,521908
OI00709,O0710,V00710,2,160073
OI00710,O0711,V00711,4,218947
OI00711,O0712,V00712,2,435837
OI00712,O0713,V00713,3,101556
OI00713,O0714,V00714,4,144092
OI00714,O0715,V00715,3,202891
OI00715,O0716,V00716,2,207618
OI00716,O0717,V00717,1,121813
OI00717,O0718,V00718,3,298091
OI00718,O0719,V00719,1,460149
OI00719,O0720,V00720,4,584323
OI00720,O9999,V00721,5,578669
OI00721,O0722,V00722,4,464042
OI00722,O0723,V00723,1,394021
OI00723,O0724,V00724,3,461894
OI00724,O0725,V00725,1,556123
OI00725,O0726,V00726,1,244677
OI00726,O0727,V00727,5,347176
OI00727,O0728,V00728,2,465037
OI00728,O0729,V00729,5,225995
OI00729,O0730,V00730,4,535074
OI00730,O0731,V00731,1,277204
OI00731,O0732,V00732,5,327092
OI00732,O0733,V00733,3,315631
OI00733,O0734,V00734,2,523745
OI00734,O0735,V00735,1,238218
OI00735,O0736,V00736,3,256110
OI00736,O0737,V00737,1,242085
OI00737,O0738,V00738,1,466590
OI00738,O0739,V00739,3,290069
OI00739,O0740,V00740,2,294156
OI00740,O0741,V00741,5,375221
OI00741,O0742,V00742,4,135019
OI00742,O0743,V00743,5,378347
OI00743,O0744,V00744,3,311960
OI00744,O0745,V00745,4,183282
OI00745,O0746,V00746,3,237496
OI00746,O0747,V00747,1,491240
OI00747,O0748,V00748,2,219635
OI00748,O0749,V00749,2,344662
OI00749,O0750,V00750,3,172013
OI00750,O9999,V00751,5,527511
OI00751,O0752,V00752,2,499197
OI00752,O0753,V00753,1,458855
OI00753,O0754,V00754,4,362412
OI00754,O0755,V00755,1,167338
OI00755,O0756,V00756,3,135819
OI00756,O0757,V00757,1,157111
OI00757,O0758,V00758,3,160145
OI00758,O0759,V00759,5,395807
OI00759,O0760,V00760,2,425904
OI00760,O0761,V00761,2,335165
OI00761,O0762,V00762,2,129907
OI00762,O0763,V00763,4,297307
OI00763,O0764,V00764,5,419350
OI00764,O0765,V00765,4,120926
OI00765,O0766,V00766,1,420322
OI00766,O0767,V00767,1,221904
OI00767,O0768,V00768,2,236260
OI00768,O0769,V00769,2,262376
OI00769,O0770,V00770,2,297288
OI00770,O0771,V00771,4,452632
OI00771,O0772,V00772,3,431703
OI00772,O0773,V00773,1,260179
OI00773,O0774,V00774,5,117898
OI00774,O0775,V00775,4,407129
OI00775,O0776,V00776,3,268106
OI00776,O0777,V00777,2,381152
OI00777,O0778,V00778,3,562758
OI00778,O0779,V00779,2,141472
OI00779,O0780,V00780,2,178736
OI00780,O9999,V00781,4,249627
OI00781,O0782,V00782,4,224053
OI00782,O0783,V00783,4,348328
OI00783,O0784,V00784,4,225622
OI00784,O0785,V00785,4,470331
OI00785,O0786,V00786,2,366439
OI00786,O0787,V00787,5,482514
OI00787,O0788,V00788,1,426308
OI00788,O0789,V00789,4,291262
OI00789,O0790,V00790,5,356715
OI00790,O0791,V00791,5,123820
OI00791,O0792,V00792,5,455578
OI00792,O0793,V00793,5,483887
OI00793,O0794,V00794,4,403046
OI00794,O0795,V00795,2,540140
OI00795,O0796,V00796,3,348405
OI00796,O0797,V00797,4,480002
OI00797,O0798,V00798,3,110168
OI00798,O0799,V00799,4,384692
OI00799,O0800,V00800,1,221161
OI00800,O0801,V00801,4,474356
OI00801,O0802,V00802,5,492349
OI00802,O0803,V00803,1,383149
OI00803,O0804,V00804,4,550117
OI00804,O0805,V00805,2,116653
OI00805,O0806,V00806,3,540135
OI00806,O0807,V00807,4,511085
OI00807,O0808,V00808,1,418132
OI00808,O0809,V00809,4,367679
OI00809,O0810,V00810,1,373542
OI00810,O9999,V00811,2,571251
OI00811,O0812,V00812,1,316440
OI00812,O0813,V00813,1,453766
OI00813,O0814,V00814,4,426370
OI00814,O0815,V00815,5,431335
OI00815,O0816,V00816,4,271023
OI00816,O0817,V00817,1,504583
OI00817,O0818,V00818,2,369981
OI00818,O0819,V00819,1,111773
OI00819,O0820,V00820,1,105648
OI00820,O0821,V00821,2,508915
OI00821,O0822,V00822,1,106931
OI00822,O0823,V00823,2,405424
OI00823,O0824,V00824,1,163244
OI00824,O0825,V00825,3,426339
OI00825,O0826,V00826,3,412091
OI00826,O0827,V00827,2,110601
OI00827,O0828,V00828,2,298287
OI00828,O0829,V00829,2,558395
OI00829,O0830,V00830,5,222181
OI00830,O0831,V00831,2,206775
OI00831,O0832,V00832,2,593213
OI00832,O0833,V00833,2,176296
OI00833,O0834,V00834,3,286619
OI00834,O0835,V00835,1,336213
OI00835,O0836,V00836,1,289399
OI00836,O0837,V00837,4,383908
OI00837,O0838,V00838,3,283138
OI00838,O0839,V00839,1,434985
OI00839,O0840,V00840,1,423286
OI00840,O9999,V00841,3,385935
OI00841,O0842,V00842,2,596568
OI00842,O0843,V00843,3,580897
OI00843,O0844,V00844,4,251692
OI00844,O0845,V00845,1,578005
OI00845,O0846,V00846,3,134613
OI00846,O0847,V00847,1,331573
OI00847,O0848,V00848,5,269864
OI00848,O0849,V00849,3,511468
OI00849,O0850,V00850,2,590859
OI00850,O0851,V00851,3,394282
OI00851,O0852,V00852,3,226128
OI00852,O0853,V00853,3,108212
OI00853,O0854,V00854,1,420520
OI00854,O0855,V00855,2,442347
OI00855,O0856,V00856,1,476006
OI00856,O0857,V00857,5,427799
OI00857,O0858,V00858,1,269777
OI00858,O0859,V00859,1,298767
OI00859,O0860,V00860,4,544068
OI00860,O0861,V00861,3,416360
OI00861,O0862,V00862,3,454822
OI00862,O0863,V00863,5,354744
OI00863,O0864,V00864,3,289442
OI00864,O0865,V00865,1,258757
OI00865,O0866,V00866,4,503522
OI00866,O0867,V00867,3,189327
OI00867,O0868,V00868,2,479277
OI00868,O0869,V00869,5,265943
OI00869,O0870,V00870,3,452346
OI00870,O9999,V00871,4,193707
OI00871,O0872,V00872,4,331023
OI00872,O0873,V00873,4,301039
OI00873,O0874,V00874,5,328123
OI00874,O0875,V00875,4,514377
OI00875,O0876,V00876,4,277612
OI00876,O0877,V00877,2,117480
OI00877,O0878,V00878,1,454061
OI00878,O0879,V00879,1,584626
OI00879,O0880,V00880,3,136576
OI00880,O0881,V00881,1,172041
OI00881,O0882,V00882,4,528660
OI00882,O0883,V00883,5,551194
OI00883,O0884,V00884,5,319011
OI00884,O0885,V00885,5,192194
OI00885,O0886,V00886,3,512075
OI00886,O0887,V00887,4,172252
OI00887,O0888,V00888,3,573223
OI00888,O0889,V00889,4,526123
OI00889,O0890,V00890,5,383177
OI00890,O0891,V00891,5,467233
OI00891,O0892,V00892,3,399542
OI00892,O0893,V00893,1,507434
OI00893,O0894,V00894,4,119550
OI00894,O0895,V00895,4,227704
OI00895,O0896,V00896,2,598998
OI00896,O0897,V00897,1,521995
OI00897,O0898,V00898,2,271892
OI00898,O0899,V00899,2,582396
OI00899,O0900,V00900,2,417350
OI00900,O9999,V00901,5,318695
OI00901,O0902,V00902,2,283824
OI00902,O0903,V00903,1,125235
OI00903,O0904,V00904,3,170272
OI00904,O0905,V00905,3,506208
OI00905,O0906,V00906,3,414063
OI00906,O0907,V00907,5,520139
OI00907,O0908,V00908,1,421047
OI00908,O0909,V00909,2,117376
OI00909,O0910,V00910,5,215051
OI00910,O0911,V00911,4,299197
OI00911,O0912,V00912,1,122104
OI00912,O0913,V00913,2,262431
OI00913,O0914,V00914,3,309782
OI00914,O0915,V00915,1,453356
OI00915,O0916,V00916,3,284554
OI00916,O0917,V00917,2,384220
OI00917,O0918,V00918,3,401276
OI00918,O0919,V00919,3,564420
OI00919,O0920,V00920,1,306223
OI00920,O0921,V00921,5,164128
OI00921,O0922,V00922,1,129218
OI00922,O0923,V00923,5,440157
OI00923,O0924,V00924,5,503107
OI00924,O0925,V00925,4,162368
OI00925,O0926,V00926,4,440683
OI00926,O0927,V00927,1,292534
OI00927,O0928,V00928,3,429689
OI00928,O0929,V00929,1,282521
OI00929,O0930,V00930,2,499247
OI00930,O9999,V00931,2,248252
OI00931,O0932,V00932,3,583555
OI00932,O0933,V00933,3,424500
OI00933,O0934,V00934,1,258243
OI00934,O0935,V00935,4,314563
OI00935,O0936,V00936,3,179241
OI00936,O0937,V00937,3,183361
OI00937,O0938,V00938,4,269910
OI00938,O0939,V00939,3,372169
OI00939,O0940,V00940,4,503853
OI00940,O0941,V00941,1,317789
OI00941,O0942,V00942,4,146351
OI00942,O0943,V00943,5,218711
OI00943,O0944,V00944,1,159599
OI00944,O0945,V00945,2,232014
OI00945,O0946,V00946,2,338002
OI00946,O0947,V00947,3,178177
OI00947,O0948,V00948,3,234693
OI00948,O0949,V00949,1,577827
OI00949,O0950,V00950,2,204154
OI00950,O0951,V00951,4,204579
OI00951,O0952,V00952,3,456224
OI00952,O0953,V00953,3,578422
OI00953,O0954,V00954,5,352061
OI00954,O0955,V00955,4,165123
OI00955,O0956,V00956,1,523627
OI00956,O0957,V00957,3,231403
OI00957,O0958,V00958,3,193485
OI00958,O0959,V00959,2,322772
OI00959,O0960,V00960,2,347309
OI00960,O9999,V00961,2,563152
OI00961,O0962,V00962,4,232339
OI00962,O0963,V00963,3,344910
OI00963,O0964,V00964,2,545667
OI00964,O0965,V00965,5,219229
OI00965,O0966,V00966,1,167540
OI00966,O0967,V00967,4,486616
OI00967,O0968,V00968,5,593449
OI00968,O0969,V00969,1,500051
OI00969,O0970,V00970,4,555502
OI00970,O0971,V00971,4,521697
OI00971,O0972,V00972,3,444272
OI00972,O0973,V00973,2,538687
OI00973,O0974,V00974,3,174168
OI00974,O0975,V00975,1,153824
OI00975,O0976,V00976,5,260902
OI00976,O0977,V00977,5,243701
OI00977,O0978,V00978,4,364999
OI00978,O0979,V00979,2,470105
OI00979,O0980,V00980,3,255699
OI00980,O0981,V00981,4,410326
OI00981,O0982,V00982,3,344325
OI00982,O0983,V00983,2,365112
OI00983,O0984,V00984,2,346808
OI00984,O0985,V00985,2,255372
OI00985,O0986,V00986,2,296794
OI00986,O0987,V00987,2,196853
OI00987,O0988,V00988,1,253551
OI00988,O0989,V00989,5,326379
OI00989,O0990,V00990,4,409381
OI00990,O9999,V00991,4,459343
OI00991,O0992,V00992,4,165744
OI00992,O0993,V00993,1,441392
OI00993,O0994,V00994,3,421313
OI00994,O0995,V00995,3,560627
OI00995,O0996,V00996,4,480999
OI00996,O0997,V00997,1,226819
OI00997,O0998,V00998,3,552482
OI00998,O0999,V00999,4,155637
OI00999,O1000,V01000,1,599008
OI01000,O1001,V01001,2,128246
OI01001,O1002,V01002,1,318679
OI01002,O1003,V01003,3,209139
OI01003,O1004,V01004,2,560030
OI01004,O1005,V01005,3,550245
OI01005,O1006,V01006,4,255592
OI01006,O1007,V01007,4,253143
OI01007,O1008,V01008,4,571357
OI01008,O1009,V01009,3,493941
OI01009,O1010,V01010,5,448150
OI01010,O1011,V01011,4,121075
OI01011,O1012,V01012,3,427285
OI01012,O1013,V01013,2,270839
OI01013,O1014,V01014,1,298655
OI01014,O1015,V01015,2,315364
OI01015,O1016,V01016,4,409079
OI01016,O1017,V01017,3,529060
OI01017,O1018,V01018,1,414041
OI01018,O1019,V01019,1,248048
OI01019,O1020,V01020,1,425775
OI01020,O9999,V01021,3,319295
OI01021,O1022,V01022,1,206803
OI01022,O1023,V01023,4,256682
OI01023,O1024,V01024,5,211778
OI01024,O1025,V01025,5,415896
OI01025,O1026,V01026,4,571129
OI01026,O1027,V01027,4,220683
OI01027,O1028,V01028,4,405487
OI01028,O1029,V01029,2,109989
OI01029,O1030,V01030,2,478447
OI01030,O1031,V01031,5,227224
OI01031,O1032,V01032,4,427888
OI01032,O1033,V01033,3,183081
OI01033,O1034,V01034,2,411762
OI01034,O1035,V01035,3,159520
OI01035,O1036,V01036,3,160599
OI01036,O1037,V01037,2,265039
OI01037,O1038,V01038,4,403068
OI01038,O1039,V01039,2,177565
OI01039,O1040,V01040,3,524467
OI01040,O1041,V01041,1,592941
OI01041,O1042,V01042,5,262879
OI01042,O1043,V01043,5,156464
OI01043,O1044,V01044,2,310730
OI01044,O1045,V01045,2,532067
OI01045,O1046,V01046,2,403142
OI01046,O1047,V01047,5,166374
OI01047,O1048,V01048,3,470558
OI01048,O1049,V01049,4,311771
OI01049,O1050,V01050,4,486425
OI01050,O9999,V01051,2,447639
OI01051,O1052,V01052,4,130347
OI01052,O1053,V01053,5,211784
OI01053,O1054,V01054,2,221879
OI01054,O1055,V01055,4,534339
OI01055,O1056,V01056,1,542564
OI01056,O1057,V01057,4,578441
OI01057,O1058,V01058,2,165787
OI01058,O1059,V01059,2,552501
OI01059,O1060,V01060,2,273690
OI01060,O1061,V01061,4,546597
OI01061,O1062,V01062,1,214809
OI01062,O1063,V01063,2,422242
OI01063,O1064,V01064,5,503959
OI01064,O1065,V01065,5,450765
OI01065,O1066,V01066,2,409759
OI01066,O1067,V01067,2,534344
OI01067,O1068,V01068,5,526717
OI01068,O1069,V01069,1,382911
OI01069,O1070,V01070,2,374134
OI01070,O1071,V01071,1,161873
OI01071,O1072,V01072,2,138537
OI01072,O1073,V01073,5,495679
OI01073,O1074,V01074,4,269569
OI01074,O1075,V01075,3,408303
OI01075,O1076,V01076,3,307924
OI01076,O1077,V01077,2,283805
OI01077,O1078,V01078,3,356763
OI01078,O1079,V01079,4,488415
OI01079,O1080,V01080,3,143917
OI01080,O9999,V01081,1,499187
OI01081,O1082,V01082,4,142298
OI01082,O1083,V01083,5,469928
OI01083,O1084,V01084,4,471266
OI01084,O1085,V01085,5,440902
OI01085,O1086,V01086,3,213808
OI01086,O1087,V01087,3,566811
OI01087,O1088,V01088,1,132118
OI01088,O1089,V01089,4,173154
OI01089,O1090,V01090,2,159686
OI01090,O1091,V01091,5,132370
OI01091,O1092,V01092,3,596873
OI01092,O1093,V01093,1,156768
OI01093,O1094,V01094,3,301600
OI01094,O1095,V01095,4,120690
OI01095,O1096,V01096,4,329142
OI01096,O1097,V01097,2,101858
OI01097,O1098,V01098,4,285022
OI01098,O1099,V01099,2,352491
OI01099,O1100,V01100,2,293517
OI01100,O1101,V01101,4,226867
OI01101,O1102,V01102,5,405014
OI01102,O1103,V01103,4,430900
OI01103,O1104,V01104,2,413151
OI01104,O1105,V01105,4,254760
OI01105,O1106,V01106,1,284093
OI01106,O1107,V01107,3,557521
OI01107,O1108,V01108,5,358608
OI01108,O1109,V01109,5,339235
OI01109,O1110,V01110,2,367293
OI01110,O9999,V01111,4,283087
OI01111,O1112,V01112,3,324996
OI01112,O1113,V01113,5,279180
OI01113,O1114,V01114,4,338493
OI01114,O1115,V01115,1,214532
OI01115,O1116,V01116,4,561492
OI01116,O1117,V01117,1,523128
OI01117,O1118,V01118,4,253726
OI01118,O1119,V01119,1,193329
OI01119,O1120,V01120,4,281559
OI01120,O1121,V01121,3,108420
OI01121,O1122,V01122,3,110970
OI01122,O1123,V01123,2,408737
OI01123,O1124,V01124,2,268476
OI01124,O1125,V01125,1,186489
OI01125,O1126,V01126,3,421669
OI01126,O1127,V01127,3,560137
OI01127,O1128,V01128,2,371276
OI01128,O1129,V01129,3,226407
OI01129,O1130,V01130,3,485518
OI01130,O1131,V01131,2,183912
OI01131,O1132,V01132,5,204586
OI01132,O1133,V01133,3,211531
OI01133,O1134,V01134,1,576764
OI01134,O1135,V01135,1,502950
OI01135,O1136,V01136,3,416692
OI01136,O1137,V01137,4,160555
OI01137,O1138,V01138,4,419250
OI01138,O1139,V01139,4,350870
OI01139,O1140,V01140,5,508545
OI01140,O9999,V01141,4,210262
OI01141,O1142,V01142,2,347917
OI01142,O1143,V01143,5,408085
OI01143,O1144,V01144,3,307010
OI01144,O1145,V01145,1,475046
OI01145,O1146,V01146,4,550466
OI01146,O1147,V01147,2,128298
OI01147,O1148,V01148,2,536035
OI01148,O1149,V01149,2,520223
OI01149,O1150,V01150,5,588259
OI01150,O1151,V01151,1,363974
OI01151,O1152,V01152,2,482024
OI01152,O1153,V01153,1,159823
OI01153,O1154,V01154,2,414712
OI01154,O1155,V01155,5,292643
OI01155,O1156,V01156,2,358610
OI01156,O1157,V01157,5,176558
OI01157,O1158,V01158,5,258216
OI01158,O1159,V01159,5,405063
OI01159,O1160,V01160,2,192090
OI01160,O1161,V01161,2,207293
OI01161,O1162,V01162,5,449423
OI01162,O1163,V01163,3,361407
OI01163,O1164,V01164,1,236914
OI01164,O1165,V01165,5,469928
OI01165,O1166,V01166,5,405159
OI01166,O1167,V01167,2,282374
OI01167,O1168,V01168,1,375593
OI01168,O1169,V01169,4,203174
OI01169,O1170,V01170,5,446177
OI01170,O9999,V01171,2,434045
OI01171,O1172,V01172,2,413989
OI01172,O1173,V01173,1,339285
OI01173,O1174,V01174,3,304874
OI01174,O1175,V01175,3,323826
OI01175,O1176,V01176,3,585800
OI01176,O1177,V01177,4,498016
OI01177,O1178,V01178,1,496873
OI01178,O1179,V01179,5,578011
OI01179,O1180,V01180,4,305132
OI01180,O1181,V01181,1,506811
OI01181,O1182,V01182,2,521149
OI01182,O1183,V01183,2,409530
OI01183,O1184,V01184,5,164841
OI01184,O1185,V01185,2,240226
OI01185,O1186,V01186,4,210784
OI01186,O1187,V01187,1,553656
OI01187,O1188,V01188,5,312172
OI01188,O1189,V01189,4,469759
OI01189,O1190,V01190,5,157832
OI01190,O1191,V01191,3,219819
OI01191,O1192,V01192,1,576895
OI01192,O1193,V01193,5,546243
OI01193,O1194,V01194,4,441571
OI01194,O1195,V01195,5,318034
OI01195,O1196,V01196,2,531366
OI01196,O1197,V01197,2,432938
OI01197,O1198,V01198,4,383256
OI01198,O1199,V01199,2,235637
OI01199,O1200,V01200,5,569085
OI01200,O9999,V01201,1,487129
OI01201,O1202,V01202,5,395850
OI01202,O1203,V01203,4,424903
OI01203,O1204,V01204,5,135324
OI01204,O1205,V01205,1,365409
OI01205,O1206,V01206,1,259542
OI01206,O1207,V01207,2,276390
OI01207,O1208,V01208,4,199509
OI01208,O1209,V01209,2,448667
OI01209,O1210,V01210,3,136945
OI01210,O1211,V01211,4,528599
OI01211,O1212,V01212,4,260114
OI01212,O1213,V01213,5,327115
OI01213,O1214,V01214,5,584044
OI01214,O1215,V01215,4,345772
OI01215,O1216,V01216,2,273561
OI01216,O1217,V01217,1,508062
OI01217,O1218,V01218,3,326162
OI01218,O1219,V01219,3,586719
OI01219,O1220,V01220,3,370697
OI01220,O1221,V01221,4,490830
OI01221,O1222,V01222,2,131750
OI01222,O1223,V01223,2,263446
OI01223,O1224,V01224,2,453436
OI01224,O1225,V01225,5,495354
OI01225,O1226,V01226,1,244456
OI01226,O1227,V01227,2,171519
OI01227,O1228,V01228,1,341221
OI01228,O1229,V01229,5,361424
OI01229,O1230,V01230,4,378510
OI01230,O9999,V01231,3,193010
OI01231,O1232,V01232,2,127569
OI01232,O1233,V01233,5,484198
OI01233,O1234,V01234,1,162316
OI01234,O1235,V01235,4,275828
OI01235,O1236,V01236,5,383368
OI01236,O1237,V01237,3,598042
OI01237,O1238,V01238,4,492366
OI01238,O1239,V01239,4,220560
OI01239,O1240,V01240,1,275658
OI01240,O1241,V01241,4,393014
OI01241,O1242,V01242,3,104187
OI01242,O1243,V01243,2,575901
OI01243,O1244,V01244,4,301107
OI01244,O1245,V01245,5,173551
OI01245,O1246,V01246,2,127249
OI01246,O1247,V01247,1,417853
OI01247,O1248,V01248,4,272313
OI01248,O1249,V01249,5,166659
OI01249,O1250,V01250,2,490029
OI01250,O1251,V01251,4,566265
OI01251,O1252,V01252,5,577707
OI01252,O1253,V01253,1,560857
OI01253,O1254,V01254,2,358818
OI01254,O1255,V01255,2,204455
OI01255,O1256,V01256,4,198001
OI01256,O1257,V01257,3,124930
OI01257,O1258,V01258,3,269214
OI01258,O1259,V01259,5,270790
OI01259,O1260,V01260,3,237168
OI01260,O9999,V01261,1,569404
OI01261,O1262,V01262,3,384458
OI01262,O1263,V01263,3,217407
OI01263,O1264,V01264,3,169189
OI01264,O1265,V01265,2,189898
OI01265,O1266,V01266,4,493192
OI01266,O1267,V01267,1,268643
OI01267,O1268,V01268,3,571174
OI01268,O1269,V01269,4,508575
OI01269,O1270,V01270,2,592309
OI01270,O1271,V01271,4,310001
OI01271,O1272,V01272,4,145350
OI01272,O1273,V01273,2,123986
OI01273,O1274,V01274,1,478278
OI01274,O1275,V01275,5,432110
OI01275,O1276,V01276,2,333776
OI01276,O1277,V01277,2,199753
OI01277,O1278,V01278,1,330444
OI01278,O1279,V01279,2,162764
OI01279,O1280,V01280,1,492360
OI01280,O1281,V01281,2,412464
OI01281,O1282,V01282,2,501554
OI01282,O1283,V01283,1,503942
OI01283,O1284,V01284,2,491439
OI01284,O1285,V01285,5,451776
OI01285,O1286,V01286,2,379515
OI01286,O1287,V01287,2,222879
OI01287,O1288,V01288,5,361502
OI01288,O1289,V01289,4,196827
OI01289,O1290,V01290,3,521158
OI01290,O9999,V01291,3,473160
OI01291,O1292,V01292,1,232263
OI01292,O1293,V01293,5,230699
OI01293,O1294,V01294,5,126956
OI01294,O1295,V01295,5,229657
OI01295,O1296,V01296,1,405432
OI01296,O1297,V01297,3,552776
OI01297,O1298,V01298,5,203902
OI01298,O1299,V01299,2,102453
OI01299,O1300,V01300,2,334873
OI01300,O1301,V01301,5,478513
OI01301,O1302,V01302,2,524361
OI01302,O1303,V01303,4,578472
OI01303,O1304,V01304,4,115819
OI01304,O1305,V01305,4,228399
OI01305,O1306,V01306,5,411539
OI01306,O1307,V01307,5,167658
OI01307,O1308,V01308,3,473448
OI01308,O1309,V01309,5,390039
OI01309,O1310,V01310,5,420797
OI01310,O1311,V01311,3,162842
OI01311,O1312,V01312,3,349576
OI01312,O1313,V01313,5,107014
OI01313,O1314,V01314,2,170464
OI01314,O1315,V01315,4,111845
OI01315,O1316,V01316,4,382968
OI01316,O1317,V01317,4,458948
OI01317,O1318,V01318,5,373458
OI01318,O1319,V01319,1,368766
OI01319,O1320,V01320,3,217410
OI01320,O9999,V01321,2,506819
OI01321,O1322,V01322,5,468928
OI01322,O1323,V01323,5,514437
OI01323,O1324,V01324,4,261449
OI01324,O1325,V01325,3,442047
OI01325,O1326,V01326,2,188499
OI01326,O1327,V01327,4,570115
OI01327,O1328,V01328,5,503179
OI01328,O1329,V01329,1,405406
OI01329,O1330,V01330,2,459053
OI01330,O1331,V01331,4,564969
OI01331,O1332,V01332,1,278239
OI01332,O1333,V01333,4,500271
OI01333,O1334,V01334,3,420811
OI01334,O1335,V01335,2,122774
OI01335,O1336,V01336,4,310102
OI01336,O1337,V01337,3,573900
OI01337,O1338,V01338,4,240770
OI01338,O1339,V01339,5,454832
OI01339,O1340,V01340,2,332732
OI01340,O1341,V01341,3,250745
OI01341,O1342,V01342,1,474563
OI01342,O1343,V01343,5,382759
OI01343,O1344,V01344,2,416470
OI01344,O1345,V01345,4,287108
OI01345,O1346,V01346,1,226648
OI01346,O1347,V01347,1,585719
OI01347,O1348,V01348,3,174404
OI01348,O1349,V01349,2,197477
OI01349,O1350,V01350,2,144294
OI01350,O9999,V01351,1,536868
OI01351,O1352,V01352,5,262365
OI01352,O1353,V01353,5,499773
OI01353,O1354,V01354,4,251852
OI01354,O1355,V01355,3,478877
OI01355,O1356,V01356,5,597399
OI01356,O1357,V01357,4,108056
OI01357,O1358,V01358,1,290880
OI01358,O1359,V01359,1,447515
OI01359,O1360,V01360,5,350366
OI01360,O1361,V01361,3,266317
OI01361,O1362,V01362,4,277558
OI01362,O1363,V01363,5,460288
OI01363,O1364,V01364,4,300761
OI01364,O1365,V01365,2,232538
OI01365,O1366,V01366,3,374234
OI01366,O1367,V01367,2,591195
OI01367,O1368,V01368,4,230474
OI01368,O1369,V01369,4,183178
OI01369,O1370,V01370,4,273778
OI01370,O1371,V01371,2,584192
OI01371,O1372,V01372,4,500172
OI01372,O1373,V01373,2,117745
OI01373,O1374,V01374,5,426079
OI01374,O1375,V01375,1,181202
OI01375,O1376,V01376,4,512309
OI01376,O1377,V01377,4,144011
OI01377,O1378,V01378,2,100666
OI01378,O1379,V01379,3,291771
OI01379,O1380,V01380,5,427891
OI01380,O9999,V01381,1,334850
OI01381,O1382,V01382,2,557273
OI01382,O1383,V01383,3,517904
OI01383,O1384,V01384,5,456881
OI01384,O1385,V01385,5,272071
OI01385,O1386,V01386,1,241865
OI01386,O1387,V01387,1,525583
OI01387,O1388,V01388,2,506448
OI01388,O1389,V01389,5,393302
OI01389,O1390,V01390,1,579570
OI01390,O1391,V01391,2,160641
OI01391,O1392,V01392,5,307024
OI01392,O1393,V01393,2,382004
OI01393,O1394,V01394,5,474072
OI01394,O1395,V01395,2,472986
OI01395,O1396,V01396,3,100390
OI01396,O1397,V01397,1,426546
OI01397,O1398,V01398,1,486935
OI01398,O1399,V01399,5,124630
OI01399,O1400,V01400,1,372645
OI01400,O1401,V01401,5,397321
OI01401,O1402,V01402,5,224804
OI01402,O1403,V01403,3,466364
OI01403,O1404,V01404,1,487927
OI01404,O1405,V01405,5,475132
OI01405,O1406,V01406,2,127536
OI01406,O1407,V01407,3,373340
OI01407,O1408,V01408,3,402499
OI01408,O1409,V01409,4,373563
OI01409,O1410,V01410,3,493413
OI01410,O9999,V01411,3,291698
OI01411,O1412,V01412,2,123750
OI01412,O1413,V01413,1,259900
OI01413,O1414,V01414,2,347720
OI01414,O1415,V01415,2,182370
OI01415,O1416,V01416,3,484123
OI01416,O1417,V01417,2,108482
OI01417,O1418,V01418,3,590807
OI01418,O1419,V01419,5,453115
OI01419,O1420,V01420,3,488021
OI01420,O1421,V01421,1,332760
OI01421,O1422,V01422,4,360779
OI01422,O1423,V01423,3,354423
OI01423,O1424,V01424,1,163714
OI01424,O1425,V01425,1,237972
OI01425,O1426,V01426,5,536757
OI01426,O1427,V01427,1,370423
OI01427,O1428,V01428,2,128967
OI01428,O1429,V01429,3,223254
OI01429,O1430,V01430,1,405761
OI01430,O1431,V01431,3,537800
OI01431,O1432,V01432,4,498312
OI01432,O1433,V01433,2,573608
OI01433,O1434,V01434,2,226519
OI01434,O1435,V01435,3,341218
OI01435,O1436,V01436,2,583070
OI01436,O1437,V01437,1,553629
OI01437,O1438,V01438,3,518039
OI01438,O1439,V01439,3,533381
OI01439,O1440,V01440,1,130528
OI01440,O9999,V01441,1,299091
OI01441,O1442,V01442,4,398458
OI01442,O1443,V01443,5,189564
OI01443,O1444,V01444,4,195069
OI01444,O1445,V01445,5,557267
OI01445,O1446,V01446,4,284086
OI01446,O1447,V01447,4,355387
OI01447,O1448,V01448,2,281502
OI01448,O1449,V01449,4,111950
OI01449,O1450,V01450,4,468760
OI01450,O1451,V01451,5,298531
OI01451,O1452,V01452,1,123334
OI01452,O1453,V01453,5,443967
OI01453,O1454,V01454,1,496840
OI01454,O1455,V01455,4,467067
OI01455,O1456,V01456,3,134387
OI01456,O1457,V01457,5,538797
OI01457,O1458,V01458,1,228778
OI01458,O1459,V01459,5,559606
OI01459,O1460,V01460,1,516668
OI01460,O1461,V01461,3,337799
OI01461,O1462,V01462,4,146073
OI01462,O1463,V01463,5,534897
OI01463,O1464,V01464,5,458482
OI01464,O1465,V01465,5,425288
OI01465,O1466,V01466,3,458220
OI01466,O1467,V01467,5,537842
OI01467,O1468,V01468,1,455329
OI01468,O1469,V01469,4,456498
OI01469,O1470,V01470,1,474259
OI01470,O9999,V01471,4,249804
OI01471,O1472,V01472,4,106350
OI01472,O1473,V01473,2,479700
OI01473,O1474,V01474,5,527993
OI01474,O1475,V01475,1,480408
OI01475,O1476,V01476,4,211192
OI01476,O1477,V01477,3,336422
OI01477,O1478,V01478,1,234593
OI01478,O1479,V01479,2,209627
OI01479,O1480,V01480,3,508568
OI01480,O1481,V01481,1,514986
OI01481,O1482,V01482,1,369514
OI01482,O1483,V01483,1,594757
OI01483,O1484,V01484,3,589346
OI01484,O1485,V01485,2,210090
OI01485,O1486,V01486,4,336044
OI01486,O1487,V01487,4,260685
OI01487,O1488,V01488,2,572996
OI01488,O1489,V01489,5,362878
OI01489,O1490,V01490,5,207898
OI01490,O1491,V01491,3,129431
OI01491,O1492,V01492,2,187492
OI01492,O1493,V01493,4,114853
OI01493,O1494,V01494,1,401087
OI01494,O1495,V01495,3,132624
OI01495,O1496,V01496,1,322308
OI01496,O1497,V01497,4,510248
OI01497,O1498,V01498,4,514115
OI01498,O1499,V01499,2,556366
OI01499,O1500,V01500,5,315615
OI01500,O9999,V01501,2,352604
OI01501,O0002,V01502,3,319430
OI01502,O0003,V01503,5,218802
OI01503,O0004,V01504,3,582026
OI01504,O0005,V01505,1,189470
OI01505,O0006,V01506,1,495233
OI01506,O0007,V01507,2,171655
OI01507,O0008,V01508,2,137782
OI01508,O0009,V01509,4,497014
OI01509,O0010,V01510,5,555753
OI01510,O0011,V01511,1,414690
OI01511,O0012,V01512,1,385834
OI01512,O0013,V01513,4,100342
OI01513,O0014,V01514,4,205197
OI01514,O0015,V01515,2,195105
OI01515,O0016,V01516,2,314698
OI01516,O0017,V01517,1,401210
OI01517,O0018,V01518,4,562421
OI01518,O0019,V01519,5,526606
OI01519,O0020,V01520,1,142773
OI01520,O0021,V01521,5,302568
OI01521,O0022,V01522,2,451555
OI01522,O0023,V01523,3,165723
OI01523,O0024,V01524,2,509184
OI01524,O0025,V01525,2,405839
OI01525,O0026,V01526,1,542259
OI01526,O0027,V01527,4,183078
OI01527,O0028,V01528,3,376830
OI01528,O0029,V01529,2,345321
OI01529,O0030,V01530,2,191580
OI01530,O9999,V01531,1,389876
OI01531,O0032,V01532,1,200185
OI01532,O0033,V01533,5,524026
OI01533,O0034,V01534,2,317709
OI01534,O0035,V01535,2,274038
OI01535,O0036,V01536,3,449239
OI01536,O0037,V01537,5,153104
OI01537,O0038,V01538,3,433139
OI01538,O0039,V01539,5,324488
OI01539,O0040,V01540,3,213079
OI01540,O0041,V01541,2,348771
OI01541,O0042,V01542,2,417200
OI01542,O0043,V01543,1,222799
OI01543,O0044,V01544,4,355443
OI01544,O0045,V01545,1,156116
OI01545,O0046,V01546,4,206402
OI01546,O0047,V01547,3,386936
OI01547,O0048,V01548,5,588318
OI01548,O0049,V01549,3,266511
OI01549,O0050,V01550,2,187523
OI01550,O0051,V01551,4,292414
OI01551,O0052,V01552,5,454533
OI01552,O0053,V01553,3,556970
OI01553,O0054,V01554,2,552869
OI01554,O0055,V01555,2,404482
OI01555,O0056,V01556,5,232304
OI01556,O0057,V01557,2,447878
OI01557,O0058,V01558,3,186804
OI01558,O0059,V01559,2,473202
OI01559,O0060,V01560,3,481279
OI01560,O9999,V01561,3,587723
OI01561,O0062,V01562,4,133974
OI01562,O0063,V01563,1,478884
OI01563,O0064,V01564,3,436398
OI01564,O0065,V01565,2,219181
OI01565,O0066,V01566,3,425003
OI01566,O0067,V01567,5,156505
OI01567,O0068,V01568,4,554867
OI01568,O0069,V01569,5,299659
OI01569,O0070,V01570,4,598510
OI01570,O0071,V01571,1,400733
OI01571,O0072,V01572,1,531549
OI01572,O0073,V01573,4,102316
OI01573,O0074,V01574,4,464723
OI01574,O0075,V01575,1,441763
OI01575,O0076,V01576,4,178164
OI01576,O0077,V01577,5,301762
OI01577,O0078,V01578,4,340393
OI01578,O0079,V01579,3,392586
OI01579,O0080,V01580,3,120701
OI01580,O0081,V01581,4,113736
OI01581,O0082,V01582,3,191096
OI01582,O0083,V01583,2,350844
OI01583,O0084,V01584,4,363317
OI01584,O0085,V01585,3,166726
OI01585,O0086,V01586,4,452961
OI01586,O0087,V01587,3,403212
OI01587,O0088,V01588,4,316563
OI01588,O0089,V01589,5,531881
OI01589,O0090,V01590,3,538018
OI01590,O9999,V01591,1,522197
OI01591,O0092,V01592,4,406760
OI01592,O0093,V01593,1,423885
OI01593,O0094,V01594,5,442481
OI01594,O0095,V01595,4,258719
OI01595,O0096,V01596,2,201407
OI01596,O0097,V01597,2,442261
OI01597,O0098,V01598,5,574206
OI01598,O0099,V01599,4,318811
OI01599,O0100,V01600,4,223967
OI01600,O0101,V01601,4,289070
OI01601,O0102,V01602,4,101715
OI01602,O0103,V01603,4,176867
OI01603,O0104,V01604,5,112902
OI01604,O0105,V01605,2,198194
OI01605,O0106,V01606,4,386933
OI01606,O0107,V01607,1,246141
OI01607,O0108,V01608,4,352237
OI01608,O0109,V01609,1,554208
OI01609,O0110,V01610,4,469410
OI01610,O0111,V01611,3,175799
OI01611,O0112,V01612,1,361640
OI01612,O0113,V01613,5,324966
OI01613,O0114,V01614,4,385490
OI01614,O0115,V01615,5,208649
OI01615,O0116,V01616,5,315813
OI01616,O0117,V01617,1,414041
OI01617,O0118,V01618,4,462423
OI01618,O0119,V01619,1,485048
OI01619,O0120,V01620,2,177129
OI01620,O9999,V01621,5,459801
OI01621,O0122,V01622,5,596511
OI01622,O0123,V01623,3,455503
OI01623,O0124,V01624,4,350616
OI01624,O0125,V01625,4,525424
OI01625,O0126,V01626,4,429934
OI01626,O0127,V01627,2,323109
OI01627,O0128,V01628,5,147980
OI01628,O0129,V01629,1,113585
OI01629,O0130,V01630,5,265959
OI01630,O0131,V01631,5,518619
OI01631,O0132,V01632,3,333530
OI01632,O0133,V01633,3,524058
OI01633,O0134,V01634,3,318018
OI01634,O0135,V01635,4,201917
OI01635,O0136,V01636,2,260274
OI01636,O0137,V01637,5,588564
OI01637,O0138,V01638,2,287412
OI01638,O0139,V01639,3,375678
OI01639,O0140,V01640,4,501245
OI01640,O0141,V01641,4,461104
OI01641,O0142,V01642,3,543404
OI01642,O0143,V01643,1,282590
OI01643,O0144,V01644,3,254271
OI01644,O0145,V01645,3,112489
OI01645,O0146,V01646,3,134641
OI01646,O0147,V01647,4,340965
OI01647,O0148,V01648,3,503284
OI01648,O0149,V01649,2,381062
OI01649,O0150,V01650,2,219111
OI01650,O9999,V01651,4,537446
OI01651,O0152,V01652,5,236436
OI01652,O0153,V01653,1,585366
OI01653,O0154,V01654,3,324105
OI01654,O0155,V01655,3,511327
OI01655,O0156,V01656,5,599696
OI01656,O0157,V01657,4,147091
OI01657,O0158,V01658,4,588941
OI01658,O0159,V01659,3,327861
OI01659,O0160,V01660,1,286772
OI01660,O0161,V01661,4,568162
OI01661,O0162,V01662,4,399493
OI01662,O0163,V01663,4,250298
OI01663,O0164,V01664,2,544581
OI01664,O0165,V01665,1,385775
OI01665,O0166,V01666,5,375482
OI01666,O0167,V01667,2,551401
OI01667,O0168,V01668,4,403778
OI01668,O0169,V01669,3,357107
OI01669,O0170,V01670,3,591313
OI01670,O0171,V01671,1,204646
OI01671,O0172,V01672,4,453029
OI01672,O0173,V01673,3,474159
OI01673,O0174,V01674,3,434759
OI01674,O0175,V01675,5,422208
OI01675,O0176,V01676,5,376385
OI01676,O0177,V01677,4,276400
OI01677,O0178,V01678,4,525718
OI01678,O0179,V01679,1,414703
OI01679,O0180,V01680,5,418115
OI01680,O9999,V01681,3,428203
OI01681,O0182,V01682,4,500496
OI01682,O0183,V01683,1,312600
OI01683,O0184,V01684,4,395954
OI01684,O0185,V01685,5,594911
OI01685,O0186,V01686,3,580544
OI01686,O0187,V01687,5,221862
OI01687,O0188,V01688,2,253840
OI01688,O0189,V01689,5,340920
OI01689,O0190,V01690,4,571182
OI01690,O0191,V01691,4,265456
OI01691,O0192,V01692,5,353976
OI01692,O0193,V01693,3,457863
OI01693,O0194,V01694,3,285081
OI01694,O0195,V01695,3,178296
OI01695,O0196,V01696,4,117760
OI01696,O0197,V01697,4,454828
OI01697,O0198,V01698,1,226364
OI01698,O0199,V01699,3,510696
OI01699,O0200,V01700,5,151446
OI01700,O0201,V01701,2,160783
OI01701,O0202,V01702,1,561227
OI01702,O0203,V01703,4,198452
OI01703,O0204,V01704,4,434789
OI01704,O0205,V01705,1,209760
OI01705,O0206,V01706,2,389205
OI01706,O0207,V01707,1,451708
OI01707,O0208,V01708,5,370894
OI01708,O0209,V01709,3,267708
OI01709,O0210,V01710,5,428033
OI01710,O9999,V01711,1,268392
OI01711,O0212,V01712,4,248561
OI01712,O0213,V01713,4,141512
OI01713,O0214,V01714,2,406930
OI01714,O0215,V01715,4,435244
OI01715,O0216,V01716,1,395235
OI01716,O0217,V01717,2,110069
OI01717,O0218,V01718,2,480165
OI01718,O0219,V01719,5,579875
OI01719,O0220,V01720,3,114615
OI01720,O0221,V01721,1,377756
OI01721,O0222,V01722,5,381008
OI01722,O0223,V01723,5,192310
OI01723,O0224,V01724,1,419064
OI01724,O0225,V01725,1,524513
OI01725,O0226,V01726,4,167651
OI01726,O0227,V01727,3,326964
OI01727,O0228,V01728,5,518058
OI01728,O0229,V01729,5,135922
OI01729,O0230,V01730,3,507655
OI01730,O0231,V01731,4,521753
OI01731,O0232,V01732,5,390958
OI01732,O0233,V01733,2,140615
OI01733,O0234,V01734,3,478307
OI01734,O0235,V01735,4,273865
OI01735,O0236,V01736,4,475580
OI01736,O0237,V01737,4,145889
OI01737,O0238,V01738,3,200468
OI01738,O0239,V01739,1,247795
OI01739,O0240,V01740,2,410728
OI01740,O9999,V01741,5,155052
OI01741,O0242,V01742,4,324753
OI01742,O0243,V01743,5,361040
OI01743,O0244,V01744,4,177119
OI01744,O0245,V01745,1,536479
OI01745,O0246,V01746,1,432175
OI01746,O0247,V01747,2,395842
OI01747,O0248,V01748,2,509161
OI01748,O0249,V01749,1,324888
OI01749,O0250,V01750,5,184888
OI01750,O0251,V01751,5,543512
OI01751,O0252,V01752,3,248742
OI01752,O0253,V01753,2,588770
OI01753,O0254,V01754,5,145620
OI01754,O0255,V01755,3,277894
OI01755,O0256,V01756,3,543315
OI01756,O0257,V01757,3,260240
OI01757,O0258,V01758,2,448354
OI01758,O0259,V01759,5,206703
OI01759,O0260,V01760,4,325060
OI01760,O0261,V01761,5,489889
OI01761,O0262,V01762,1,305245
OI01762,O0263,V01763,5,255453
OI01763,O0264,V01764,1,180521
OI01764,O0265,V01765,5,137980
OI01765,O0266,V01766,4,530777
OI01766,O0267,V01767,4,432036
OI01767,O0268,V01768,2,163371
OI01768,O0269,V01769,4,157267
OI01769,O0270,V01770,5,337604
OI01770,O9999,V01771,2,498628
OI01771,O0272,V01772,1,354765
OI01772,O0273,V01773,2,478689
OI01773,O0274,V01774,4,597287
OI01774,O0275,V01775,2,575558
OI01775,O0276,V01776,3,549805
OI01776,O0277,V01777,4,247213
OI01777,O0278,V01778,2,388485
OI01778,O0279,V01779,1,431036
OI01779,O0280,V01780,1,132450
OI01780,O0281,V01781,4,366695
OI01781,O0282,V01782,3,453657
OI01782,O0283,V01783,2,444706
OI01783,O0284,V01784,5,487837
OI01784,O0285,V01785,4,594216
OI01785,O0286,V01786,3,501433
OI01786,O0287,V01787,2,241121
OI01787,O0288,V01788,2,547626
OI01788,O0289,V01789,5,406035
OI01789,O0290,V01790,4,531767
OI01790,O0291,V01791,2,229256
OI01791,O0292,V01792,3,144909
OI01792,O0293,V01793,1,149208
OI01793,O0294,V01794,1,272635
OI01794,O0295,V01795,3,152979
OI01795,O0296,V01796,1,477959
OI01796,O0297,V01797,2,314509
OI01797,O0298,V01798,2,573356
OI01798,O0299,V01799,3,376902
OI01799,O0300,V01800,2,452881
OI01800,O9999,V01801,4,421397
OI01801,O0302,V01802,3,377830
OI01802,O0303,V01803,4,284785
OI01803,O0304,V01804,3,405501
OI01804,O0305,V01805,3,377275
OI01805,O0306,V01806,2,164227
OI01806,O0307,V01807,5,409451
OI01807,O0308,V01808,4,432698
OI01808,O0309,V01809,1,455733
OI01809,O0310,V01810,4,251668
OI01810,O0311,V01811,2,160535
OI01811,O0312,V01812,4,218734
OI01812,O0313,V01813,1,191395
OI01813,O0314,V01814,1,177255
OI01814,O0315,V01815,5,252164
OI01815,O0316,V01816,2,380827
OI01816,O0317,V01817,4,419470
OI01817,O0318,V01818,4,187840
OI01818,O0319,V01819,4,157639
OI01819,O0320,V01820,5,527324
OI01820,O0321,V01821,3,321227
OI01821,O0322,V01822,2,256577
OI01822,O0323,V01823,5,173793
OI01823,O0324,V01824,4,327783
OI01824,O0325,V01825,3,489976
OI01825,O0326,V01826,2,104228
OI01826,O0327,V01827,2,354460
OI01827,O0328,V01828,2,355178
OI01828,O0329,V01829,5,126555
OI01829,O0330,V01830,1,339357
OI01830,O9999,V01831,5,488143
OI01831,O0332,V01832,1,164463
OI01832,O0333,V01833,2,179176
OI01833,O0334,V01834,1,359322
OI01834,O0335,V01835,5,596535
OI01835,O0336,V01836,4,137626
OI01836,O0337,V01837,1,314489
OI01837,O0338,V01838,1,540260
OI01838,O0339,V01839,5,438302
OI01839,O0340,V01840,4,473991
OI01840,O0341,V01841,2,322965
OI01841,O0342,V01842,2,344350
OI01842,O0343,V01843,4,291158
OI01843,O0344,V01844,2,172302
OI01844,O0345,V01845,1,153451
OI01845,O0346,V01846,4,202274
OI01846,O0347,V01847,2,188892
OI01847,O0348,V01848,4,386465
OI01848,O0349,V01849,3,481974
OI01849,O0350,V01850,4,109993
OI01850,O0351,V01851,3,121687
OI01851,O0352,V01852,2,329098
OI01852,O0353,V01853,3,354680
OI01853,O0354,V01854,5,500961
OI01854,O0355,V01855,3,327671
OI01855,O0356,V01856,4,556271
OI01856,O0357,V01857,3,142080
OI01857,O0358,V01858,2,477622
OI01858,O0359,V01859,1,416760
OI01859,O0360,V01860,5,485424
OI01860,O9999,V01861,3,252326
OI01861,O0362,V01862,1,458283
OI01862,O0363,V01863,5,583294
OI01863,O0364,V01864,1,435653
OI01864,O0365,V01865,5,415468
OI01865,O0366,V01866,2,504928
OI01866,O0367,V01867,2,172985
OI01867,O0368,V01868,4,250337
OI01868,O0369,V01869,1,382236
OI01869,O0370,V01870,5,151531
OI01870,O0371,V01871,2,330048
OI01871,O0372,V01872,3,267764
OI01872,O0373,V01873,4,225262
OI01873,O0374,V01874,3,324736
OI01874,O0375,V01875,4,462839
OI01875,O0376,V01876,3,528994
OI01876,O0377,V01877,4,593952
OI01877,O0378,V01878,5,558700
OI01878,O0379,V01879,4,204299
OI01879,O0380,V01880,2,551214
OI01880,O0381,V01881,5,367326
OI01881,O0382,V01882,3,239795
OI01882,O0383,V01883,4,344274
OI01883,O0384,V01884,2,242228
OI01884,O0385,V01885,3,374329
OI01885,O0386,V01886,1,355095
OI01886,O0387,V01887,4,161645
OI01887,O0388,V01888,4,337384
OI01888,O0389,V01889,4,517457
OI01889,O0390,V01890,1,219666
OI01890,O9999,V01891,4,565703
OI01891,O0392,V01892,4,501465
OI01892,O0393,V01893,2,226414
OI01893,O0394,V01894,5,426103
OI01894,O0395,V01895,3,148884
OI01895,O0396,V01896,3,576338
OI01896,O0397,V01897,5,459648
OI01897,O0398,V01898,4,349495
OI01898,O0399,V01899,4,277525
OI01899,O0400,V01900,3,468565
OI01900,O0401,V01901,3,236388
OI01901,O0402,V01902,5,201784
OI01902,O0403,V01903,4,566641
OI01903,O0404,V01904,1,425152
OI01904,O0405,V01905,4,394527
OI01905,O0406,V01906,2,258877
OI01906,O0407,V01907,1,161787
OI01907,O0408,V01908,4,540713
OI01908,O0409,V01909,2,332290
OI01909,O0410,V01910,1,107459
OI01910,O0411,V01911,3,513424
OI01911,O0412,V01912,4,492643
OI01912,O0413,V01913,1,139814
OI01913,O0414,V01914,2,387807
OI01914,O0415,V01915,3,573207
OI01915,O0416,V01916,1,429913
OI01916,O0417,V01917,3,363855
OI01917,O0418,V01918,5,484706
OI01918,O0419,V01919,1,245153
OI01919,O0420,V01920,1,349104
OI01920,O9999,V01921,5,545739
OI01921,O0422,V01922,5,523287
OI01922,O0423,V01923,1,106632
OI01923,O0424,V01924,4,388198
OI01924,O0425,V01925,3,141458
OI01925,O0426,V01926,5,364673
OI01926,O0427,V01927,1,475185
OI01927,O0428,V01928,3,229431
OI01928,O0429,V01929,4,244485
OI01929,O0430,V01930,5,189055
OI01930,O0431,V01931,5,344204
OI01931,O0432,V01932,3,537108
OI01932,O0433,V01933,4,305328
OI01933,O0434,V01934,2,180490
OI01934,O0435,V01935,3,183792
OI01935,O0436,V01936,5,229003
OI01936,O0437,V01937,2,429257
OI01937,O0438,V01938,5,318547
OI01938,O0439,V01939,4,422785
OI01939,O0440,V01940,4,130852
OI01940,O0441,V01941,1,365232
OI01941,O0442,V01942,2,558887
OI01942,O0443,V01943,4,147340
OI01943,O0444,V01944,4,286432
OI01944,O0445,V01945,5,409391
OI01945,O0446,V01946,5,362412
OI01946,O0447,V01947,1,400391
OI01947,O0448,V01948,2,100698
OI01948,O0449,V01949,4,275802
OI01949,O0450,V01950,5,529059
OI01950,O9999,V01951,1,163347
OI01951,O0452,V01952,2,141511
OI01952,O0453,V01953,3,444333
OI01953,O0454,V01954,4,371718
OI01954,O0455,V01955,4,434811
OI01955,O0456,V01956,5,517239
OI01956,O0457,V01957,1,138962
OI01957,O0458,V01958,3,184776
OI01958,O0459,V01959,3,465652
OI01959,O0460,V01960,2,484211
OI01960,O0461,V01961,4,246618
OI01961,O0462,V01962,2,368218
OI01962,O0463,V01963,2,445949
OI01963,O0464,V01964,4,265567
OI01964,O0465,V01965,2,271297
OI01965,O0466,V01966,5,536226
OI01966,O0467,V01967,4,218110
OI01967,O0468,V01968,1,479575
OI01968,O0469,V01969,5,143788
OI01969,O0470,V01970,4,529923
OI01970,O0471,V01971,4,435114
OI01971,O0472,V01972,3,269683
OI01972,O0473,V01973,5,133131
OI01973,O0474,V01974,2,198585
OI01974,O0475,V01975,4,299614
OI01975,O0476,V01976,3,240644
OI01976,O0477,V01977,5,285913
OI01977,O0478,V01978,1,548955
OI01978,O0479,V01979,2,456386
OI01979,O0480,V01980,2,377847
OI01980,O9999,V01981,4,337369
OI01981,O0482,V01982,2,271738
OI01982,O0483,V01983,2,190564
OI01983,O0484,V01984,1,323279
OI01984,O0485,V01985,4,212248
OI01985,O0486,V01986,1,464446
OI01986,O0487,V01987,5,253218
OI01987,O0488,V01988,3,199596
OI01988,O0489,V01989,2,189264
OI01989,O0490,V01990,5,201837
OI01990,O0491,V01991,2,144318
OI01991,O0492,V01992,1,278824
OI01992,O0493,V01993,4,585376
OI01993,O0494,V01994,2,585638
OI01994,O0495,V01995,1,133705
OI01995,O0496,V01996,5,411477
OI01996,O0497,V01997,1,151574
OI01997,O0498,V01998,5,459327
OI01998,O0499,V01999,5,237722
OI01999,O0500,V02000,5,243842
OI02000,O0501,V02001,2,370215
OI02001,O0502,V02002,3,327756
OI02002,O0503,V02003,4,437622
OI02003,O0504,V02004,2,138901
OI02004,O0505,V02005,5,509875
OI02005,O0506,V02006,5,262169
OI02006,O0507,V02007,3,167592
OI02007,O0508,V02008,4,508208
OI02008,O0509,V02009,2,253347
OI02009,O0510,V02010,3,245324
OI02010,O9999,V02011,4,443175
OI02011,O0512,V02012,5,212591
OI02012,O0513,V02013,3,178061
OI02013,O0514,V02014,5,264102
OI02014,O0515,V02015,4,465524
OI02015,O0516,V02016,3,422853
OI02016,O0517,V02017,4,158348
OI02017,O0518,V02018,1,432320
OI02018,O0519,V02019,2,226651
OI02019,O0520,V02020,1,158308
OI02020,O0521,V02021,4,422281
OI02021,O0522,V02022,5,475376
OI02022,O0523,V02023,5,174351
OI02023,O0524,V02024,5,239091
OI02024,O0525,V02025,2,541559
OI02025,O0526,V02026,2,488643
OI02026,O0527,V02027,3,260943
OI02027,O0528,V02028,4,368951
OI02028,O0529,V02029,1,587056
OI02029,O0530,V02030,3,133570
OI02030,O0531,V02031,3,547590
OI02031,O0532,V02032,1,155597
OI02032,O0533,V02033,3,565819
OI02033,O0534,V02034,2,447759
OI02034,O0535,V02035,1,180932
OI02035,O0536,V02036,3,265195
OI02036,O0537,V02037,1,261863
OI02037,O0538,V02038,5,517414
OI02038,O0539,V02039,5,458919
OI02039,O0540,V02040,2,103012
OI02040,O9999,V02041,1,365838
OI02041,O0542,V02042,5,482911
OI02042,O0543,V02043,4,103255
OI02043,O0544,V02044,5,348162
OI02044,O0545,V02045,4,344597
OI02045,O0546,V02046,3,188840
OI02046,O0547,V02047,1,406627
OI02047,O0548,V02048,5,349484
OI02048,O0549,V02049,4,104296
OI02049,O0550,V02050,4,505324
OI02050,O0551,V02051,1,572166
OI02051,O0552,V02052,2,208479
OI02052,O0553,V02053,5,198368
OI02053,O0554,V02054,5,150192
OI02054,O0555,V02055,4,590918
OI02055,O0556,V02056,5,371895
OI02056,O0557,V02057,5,479838
OI02057,O0558,V02058,1,524306
OI02058,O0559,V02059,4,531921
OI02059,O0560,V02060,3,326341
OI02060,O0561,V02061,1,518095
OI02061,O0562,V02062,4,522283
OI02062,O0563,V02063,3,412895
OI02063,O0564,V02064,4,308471
OI02064,O0565,V02065,4,275047
OI02065,O0566,V02066,4,337068
OI02066,O0567,V02067,5,531637
OI02067,O0568,V02068,2,426613
OI02068,O0569,V02069,2,328840
OI02069,O0570,V02070,2,151906
OI02070,O9999,V02071,5,589118
OI02071,O0572,V02072,5,335967
OI02072,O0573,V02073,5,412794
OI02073,O0574,V02074,1,202131
OI02074,O0575,V02075,3,526929
OI02075,O0576,V02076,5,203794
OI02076,O0577,V02077,3,203090
OI02077,O0578,V02078,3,290655
OI02078,O0579,V02079,3,128976
OI02079,O0580,V02080,3,545282
OI02080,O0581,V02081,5,220045
OI02081,O0582,V02082,2,469506
OI02082,O0583,V02083,1,356900
OI02083,O0584,V02084,1,455391
OI02084,O0585,V02085,5,115475
OI02085,O0586,V02086,2,135758
OI02086,O0587,V02087,4,126980
OI02087,O0588,V02088,1,178514
OI02088,O0589,V02089,5,174774
OI02089,O0590,V02090,1,472115
OI02090,O0591,V02091,2,568012
OI02091,O0592,V02092,1,294814
OI02092,O0593,V02093,2,296658
OI02093,O0594,V02094,2,198329
OI02094,O0595,V02095,1,587944
OI02095,O0596,V02096,5,281505
OI02096,O0597,V02097,4,576877
OI02097,O0598,V02098,2,272098
OI02098,O0599,V02099,1,110920
OI02099,O0600,V02100,3,544306
OI02100,O9999,V02101,2,541045
OI02101,O0602,V02102,4,276874
OI02102,O0603,V02103,4,364523
OI02103,O0604,V02104,2,458466
OI02104,O0605,V02105,2,275014
OI02105,O0606,V02106,4,217096
OI02106,O0607,V02107,4,281462
OI02107,O0608,V02108,5,417053
OI02108,O0609,V02109,5,228483
OI02109,O0610,V02110,4,547052
OI02110,O0611,V02111,2,117851
OI02111,O0612,V02112,1,122664
OI02112,O0613,V02113,1,435898
OI02113,O0614,V02114,4,592929
OI02114,O0615,V02115,3,379381
OI02115,O0616,V02116,1,298114
OI02116,O0617,V02117,1,321827
OI02117,O0618,V02118,3,123818
OI02118,O0619,V02119,1,106216
OI02119,O0620,V02120,3,508068
OI02120,O0621,V02121,3,409631
OI02121,O0622,V02122,2,471462
OI02122,O0623,V02123,5,197795
OI02123,O0624,V02124,1,393379
OI02124,O0625,V02125,4,153050
OI02125,O0626,V02126,3,372045
OI02126,O0627,V02127,2,215967
OI02127,O0628,V02128,2,339402
OI02128,O0629,V02129,3,337674
OI02129,O0630,V02130,3,412722
OI02130,O9999,V02131,2,287742
OI02131,O0632,V02132,2,379779
OI02132,O0633,V02133,4,125519
OI02133,O0634,V02134,2,573024
OI02134,O0635,V02135,4,454383
OI02135,O0636,V02136,3,422029
OI02136,O0637,V02137,1,413363
OI02137,O0638,V02138,1,214719
OI02138,O0639,V02139,4,574662
OI02139,O0640,V02140,5,535076
OI02140,O0641,V02141,3,115850
OI02141,O0642,V02142,4,177327
OI02142,O0643,V02143,2,387558
OI02143,O0644,V02144,2,339997
OI02144,O0645,V02145,1,536176
OI02145,O0646,V02146,1,340777
OI02146,O0647,V02147,1,274584
OI02147,O0648,V02148,1,353096
OI02148,O0649,V02149,2,379375
OI02149,O0650,V02150,1,558659
OI02150,O0651,V02151,4,174163
OI02151,O0652,V02152,2,494447
OI02152,O0653,V02153,4,560568
OI02153,O0654,V02154,1,279786
OI02154,O0655,V02155,2,314260
OI02155,O0656,V02156,2,151987
OI02156,O0657,V02157,3,533543
OI02157,O0658,V02158,5,593862
OI02158,O0659,V02159,5,132548
OI02159,O0660,V02160,4,199924
OI02160,O9999,V02161,1,302273
OI02161,O0662,V02162,4,292763
OI02162,O0663,V02163,4,461175
OI02163,O0664,V02164,3,586695
OI02164,O0665,V02165,5,165078
OI02165,O0666,V02166,1,421732
OI02166,O0667,V02167,5,299273
OI02167,O0668,V02168,3,296287
OI02168,O0669,V02169,5,499425
OI02169,O0670,V02170,2,461208
OI02170,O0671,V02171,4,576800
OI02171,O0672,V02172,1,364134
OI02172,O0673,V02173,2,311653
OI02173,O0674,V02174,2,235047
OI02174,O0675,V02175,5,413071
OI02175,O0676,V02176,1,448162
OI02176,O0677,V02177,3,378511
OI02177,O0678,V02178,4,477724
OI02178,O0679,V02179,5,506254
OI02179,O0680,V02180,4,215955
OI02180,O0681,V02181,4,203832
OI02181,O0682,V02182,4,396537
OI02182,O0683,V02183,4,285796
OI02183,O0684,V02184,4,151569
OI02184,O0685,V02185,3,502690
OI02185,O0686,V02186,3,139999
OI02186,O0687,V02187,4,374016
OI02187,O0688,V02188,3,103791
OI02188,O0689,V02189,5,243512
OI02189,O0690,V02190,5,442310
OI02190,O9999,V02191,5,589017
OI02191,O0692,V02192,4,459612
OI02192,O0693,V02193,2,588656
OI02193,O0694,V02194,1,583294
OI02194,O0695,V02195,5,328114
OI02195,O0696,V02196,3,215359
OI02196,O0697,V02197,2,379145
OI02197,O0698,V02198,3,374454
OI02198,O0699,V02199,1,390426
OI02199,O0700,V02200,1,221400
OI02200,O0701,V02201,4,515183
OI02201,O0702,V02202,1,510291
OI02202,O0703,V02203,5,326021
OI02203,O0704,V02204,3,304580
OI02204,O0705,V02205,4,448628
OI02205,O0706,V02206,3,293461
OI02206,O0707,V02207,3,530710
OI02207,O0708,V02208,3,440727
OI02208,O0709,V02209,5,565814
OI02209,O0710,V02210,2,155671
OI02210,O0711,V02211,3,377303
OI02211,O0712,V02212,5,594176
OI02212,O0713,V02213,4,235358
OI02213,O0714,V02214,4,268718
OI02214,O0715,V02215,5,194845
OI02215,O0716,V02216,2,519434
OI02216,O0717,V02217,3,370652
OI02217,O0718,V02218,4,133287
OI02218,O0719,V02219,3,496326
OI02219,O0720,V02220,1,313719
OI02220,O9999,V02221,4,157710
OI02221,O0722,V02222,3,468458
OI02222,O0723,V02223,1,183228
OI02223,O0724,V02224,2,135717
OI02224,O0725,V02225,5,118967
OI02225,O0726,V02226,2,341307
OI02226,O0727,V02227,5,423792
OI02227,O0728,V02228,4,571755
OI02228,O0729,V02229,4,308201
OI02229,O0730,V02230,2,574805
OI02230,O0731,V02231,2,338209
OI02231,O0732,V02232,2,100570
OI02232,O0733,V02233,3,289022
OI02233,O0734,V02234,3,216943
OI02234,O0735,V02235,3,341141
OI02235,O0736,V02236,5,523997
OI02236,O0737,V02237,2,569816
OI02237,O0738,V02238,2,263449
OI02238,O0739,V02239,3,177020
OI02239,O0740,V02240,5,109627
OI02240,O0741,V02241,1,152678
OI02241,O0742,V02242,5,208893
OI02242,O0743,V02243,5,214898
OI02243,O0744,V02244,5,392498
OI02244,O0745,V02245,3,153120
OI02245,O0746,V02246,3,597184
OI02246,O0747,V02247,2,314012
OI02247,O0748,V02248,2,566619
OI02248,O0749,V02249,3,222887
OI02249,O0750,V02250,4,451872
OI02250,O9999,V02251,4,269543
OI02251,O0752,V02252,1,196202
OI02252,O0753,V02253,5,539816
OI02253,O0754,V02254,4,158453
OI02254,O0755,V02255,5,422893
OI02255,O0756,V02256,5,301037
OI02256,O0757,V02257,5,356024
OI02257,O0758,V02258,4,498481
OI02258,O0759,V02259,4,164017
OI02259,O0760,V02260,3,316682
OI02260,O0761,V02261,3,369142
OI02261,O0762,V02262,2,404386
OI02262,O0763,V02263,1,507743
OI02263,O0764,V02264,1,294275
OI02264,O0765,V02265,3,288173
OI02265,O0766,V02266,4,122029
OI02266,O0767,V02267,1,236175
OI02267,O0768,V02268,1,517619
OI02268,O0769,V02269,3,272561
OI02269,O0770,V02270,3,418866
OI02270,O0771,V02271,1,416801
OI02271,O0772,V02272,3,553519
OI02272,O0773,V02273,3,428351
OI02273,O0774,V02274,2,434540
OI02274,O0775,V02275,5,524576
OI02275,O0776,V02276,5,538375
OI02276,O0777,V02277,3,222399
OI02277,O0778,V02278,5,417743
OI02278,O0779,V02279,3,380705
OI02279,O0780,V02280,1,512740
OI02280,O9999,V02281,3,125795
OI02281,O0782,V02282,4,493642
OI02282,O0783,V02283,4,542914
OI02283,O0784,V02284,5,318281
OI02284,O0785,V02285,1,445479
OI02285,O0786,V02286,2,185189
OI02286,O0787,V02287,5,365485
OI02287,O0788,V02288,3,433077
OI02288,O0789,V02289,1,443440
OI02289,O0790,V02290,4,368033
OI02290,O0791,V02291,3,578452
OI02291,O0792,V02292,3,230141
OI02292,O0793,V02293,5,281551
OI02293,O0794,V02294,2,179388
OI02294,O0795,V02295,3,296500
OI02295,O0796,V02296,3,587315
OI02296,O0797,V02297,1,363837
OI02297,O0798,V02298,5,273260
OI02298,O0799,V02299,5,107668
OI02299,O0800,V02300,5,539651
OI02300,O0801,V02301,1,272478
OI02301,O0802,V02302,3,325505
OI02302,O0803,V02303,3,505573
OI02303,O0804,V02304,5,557042
OI02304,O0805,V02305,2,348608
OI02305,O0806,V02306,2,211365
OI02306,O0807,V02307,2,113377
OI02307,O0808,V02308,4,276480
OI02308,O0809,V02309,3,316379
OI02309,O0810,V02310,4,286621
OI02310,O9999,V02311,4,526381
OI02311,O0812,V02312,4,570884
OI02312,O0813,V02313,1,494383
OI02313,O0814,V02314,3,245926
OI02314,O0815,V02315,1,507545
OI02315,O0816,V02316,4,426452
OI02316,O0817,V02317,4,479915
OI02317,O0818,V02318,2,530906
OI02318,O0819,V02319,5,407036
OI02319,O0820,V02320,4,290716
OI02320,O0821,V02321,3,134914
OI02321,O0822,V02322,1,440715
OI02322,O0823,V02323,2,143738
OI02323,O0824,V02324,3,470531
OI02324,O0825,V02325,3,397589
OI02325,O0826,V02326,5,570948
OI02326,O0827,V02327,2,429984
OI02327,O0828,V02328,1,575819
OI02328,O0829,V02329,1,367214
OI02329,O0830,V02330,5,368013
OI02330,O0831,V02331,4,407396
OI02331,O0832,V02332,1,405520
OI02332,O0833,V02333,3,272928
OI02333,O0834,V02334,1,255429
OI02334,O0835,V02335,2,257543
OI02335,O0836,V02336,1,275589
OI02336,O0837,V02337,3,125962
OI02337,O0838,V02338,3,538407
OI02338,O0839,V02339,5,354964
OI02339,O0840,V02340,5,366812
OI02340,O9999,V02341,3,505075
OI02341,O0842,V02342,5,345384
OI02342,O0843,V02343,2,249504
OI02343,O0844,V02344,4,446492
OI02344,O0845,V02345,5,467340
OI02345,O0846,V02346,3,203700
OI02346,O0847,V02347,5,262729
OI02347,O0848,V02348,2,573354
OI02348,O0849,V02349,5,246547
OI02349,O0850,V02350,5,497046
OI02350,O0851,V02351,4,294681
OI02351,O0852,V02352,4,423427
OI02352,O0853,V02353,4,306988
OI02353,O0854,V02354,2,519022
OI02354,O0855,V02355,3,274947
OI02355,O0856,V02356,5,113565
OI02356,O0857,V02357,5,288327
OI02357,O0858,V02358,1,494522
OI02358,O0859,V02359,3,128322
OI02359,O0860,V02360,4,490571
OI02360,O0861,V02361,1,554687
OI02361,O0862,V02362,1,267056
OI02362,O0863,V02363,1,538814
OI02363,O0864,V02364,1,148664
OI02364,O0865,V02365,1,221751
OI02365,O0866,V02366,4,308703
OI02366,O0867,V02367,2,202728
OI02367,O0868,V02368,5,323688
OI02368,O0869,V02369,5,419708
OI02369,O0870,V02370,2,330131
OI02370,O9999,V02371,1,119994
OI02371,O0872,V02372,5,555612
OI02372,O0873,V02373,5,335303
OI02373,O0874,V02374,5,485712
OI02374,O0875,V02375,3,226713
OI02375,O0876,V02376,1,354316
OI02376,O0877,V02377,5,440442
OI02377,O0878,V02378,3,126004
OI02378,O0879,V02379,4,573333
OI02379,O0880,V02380,2,353740
OI02380,O0881,V02381,5,444544
OI02381,O0882,V02382,3,150423
OI02382,O0883,V02383,1,526469
OI02383,O0884,V02384,4,436937
OI02384,O0885,V02385,5,597455
OI02385,O0886,V02386,2,353131
OI02386,O0887,V02387,5,384174
OI02387,O0888,V02388,4,185995
OI02388,O0889,V02389,3,446279
OI02389,O0890,V02390,2,353821
OI02390,O0891,V02391,1,594714
OI02391,O0892,V02392,2,244083
OI02392,O0893,V02393,1,560145
OI02393,O0894,V02394,1,460948
OI02394,O0895,V02395,4,487939
OI02395,O0896,V02396,5,162715
OI02396,O0897,V02397,3,471618
OI02397,O0898,V02398,5,520495
OI02398,O0899,V02399,4,213095
OI02399,O0900,V02400,4,316059
OI02400,O9999,V02401,5,184311
OI02401,O0902,V02402,1,278697
OI02402,O0903,V02403,1,266706
OI02403,O0904,V02404,2,466239
OI02404,O0905,V02405,4,112377
OI02405,O0906,V02406,1,156150
OI02406,O0907,V02407,3,543961
OI02407,O0908,V02408,2,291827
OI02408,O0909,V02409,1,248856
OI02409,O0910,V02410,2,499749
OI02410,O0911,V02411,1,243355
OI02411,O0912,V02412,4,240282
OI02412,O0913,V02413,2,124689
OI02413,O0914,V02414,2,493149
OI02414,O0915,V02415,1,122080
OI02415,O0916,V02416,3,146160
OI02416,O0917,V02417,4,110890
OI02417,O0918,V02418,5,565985
OI02418,O0919,V02419,4,130171
OI02419,O0920,V02420,4,397293
OI02420,O0921,V02421,1,531794
OI02421,O0922,V02422,3,155662
OI02422,O0923,V02423,5,391146
OI02423,O0924,V02424,3,446690
OI02424,O0925,V02425,2,476580
OI02425,O0926,V02426,1,260186
OI02426,O0927,V02427,4,259730
OI02427,O0928,V02428,2,534715
OI02428,O0929,V02429,1,311298
OI02429,O0930,V02430,3,355444
OI02430,O9999,V02431,5,565029
OI02431,O0932,V02432,4,197821
OI02432,O0933,V02433,5,503163
OI02433,O0934,V02434,4,374568
OI02434,O0935,V02435,4,329469
OI02435,O0936,V02436,1,475431
OI02436,O0937,V02437,2,536359
OI02437,O0938,V02438,5,235994
OI02438,O0939,V02439,2,200448
OI02439,O0940,V02440,5,281650
OI02440,O0941,V02441,4,475079
OI02441,O0942,V02442,4,152423
OI02442,O0943,V02443,4,164188
OI02443,O0944,V02444,4,143123
OI02444,O0945,V02445,2,397928
OI02445,O0946,V02446,3,232393
OI02446,O0947,V02447,1,378921
OI02447,O0948,V02448,4,164437
OI02448,O0949,V02449,2,364286
OI02449,O0950,V02450,1,432946
OI02450,O0951,V02451,4,202412
OI02451,O0952,V02452,3,513314
OI02452,O0953,V02453,3,350123
OI02453,O0954,V02454,4,446669
OI02454,O0955,V02455,1,250416
OI02455,O0956,V02456,1,408025
OI02456,O0957,V02457,2,570231
OI02457,O0958,V02458,3,519777
OI02458,O0959,V02459,3,136332
OI02459,O0960,V02460,2,363702
OI02460,O9999,V02461,1,367830
OI02461,O0962,V02462,1,458479
OI02462,O0963,V02463,5,160129
OI02463,O0964,V02464,4,429262
OI02464,O0965,V02465,2,342311
OI02465,O0966,V02466,4,477905
OI02466,O0967,V02467,3,300251
OI02467,O0968,V02468,3,215185
OI02468,O0969,V02469,5,127473
OI02469,O0970,V02470,1,198331
OI02470,O0971,V02471,5,130637
OI02471,O0972,V02472,5,386793
OI02472,O0973,V02473,4,291303
OI02473,O0974,V02474,5,490428
OI02474,O0975,V02475,5,331895
OI02475,O0976,V02476,3,438455
OI02476,O0977,V02477,2,580226
OI02477,O0978,V02478,1,192123
OI02478,O0979,V02479,5,335617
OI02479,O0980,V02480,4,216539
OI02480,O0981,V02481,3,218059
OI02481,O0982,V02482,1,597755
OI02482,O0983,V02483,4,361599
OI02483,O0984,V02484,4,182634
OI02484,O0985,V02485,1,372336
OI02485,O0986,V02486,5,235353
OI02486,O0987,V02487,3,128268
OI02487,O0988,V02488,5,215063
OI02488,O0989,V02489,4,185771
OI02489,O0990,V02490,4,202026
OI02490,O9999,V02491,5,404337
OI02491,O0992,V02492,3,531980
OI02492,O0993,V02493,4,330559
OI02493,O0994,V02494,2,423712
OI02494,O0995,V02495,1,411261
OI02495,O0996,V02496,1,139631
OI02496,O0997,V02497,2,527932
OI02497,O0998,V02498,5,162756
OI02498,O0999,V02499,5,477227
OI02499,O1000,V02500,2,190848
OI02500,O1001,V02501,2,136889
OI02501,O1002,V02502,4,160346
OI02502,O1003,V02503,3,531777
OI02503,O1004,V02504,1,194903
OI02504,O1005,V02505,5,558231
OI02505,O1006,V02506,1,320898
OI02506,O1007,V02507,5,186349
OI02507,O1008,V02508,5,351656
OI02508,O1009,V02509,4,544834
OI02509,O1010,V02510,1,242930
OI02510,O1011,V02511,3,204520
OI02511,O1012,V02512,2,567840
OI02512,O1013,V02513,5,128912
OI02513,O1014,V02514,3,143071
OI02514,O1015,V02515,5,481908
OI02515,O1016,V02516,2,264614
OI02516,O1017,V02517,3,454209
OI02517,O1018,V02518,5,203347
OI02518,O1019,V02519,5,339007
OI02519,O1020,V02520,5,508125
OI02520,O9999,V02521,4,136863
OI02521,O1022,V02522,5,163061
OI02522,O1023,V02523,4,403904
OI02523,O1024,V02524,3,134718
OI02524,O1025,V02525,3,144189
OI02525,O1026,V02526,3,352486
OI02526,O1027,V02527,1,205175
OI02527,O1028,V02528,4,570080
OI02528,O1029,V02529,1,241882
OI02529,O1030,V02530,1,481216
OI02530,O1031,V02531,2,102542
OI02531,O1032,V02532,3,188338
OI02532,O1033,V02533,3,279357
OI02533,O1034,V02534,5,222775
OI02534,O1035,V02535,1,496923
OI02535,O1036,V02536,5,140733
OI02536,O1037,V02537,2,441975
OI02537,O1038,V02538,2,348217
OI02538,O1039,V02539,1,452093
OI02539,O1040,V02540,4,145924
OI02540,O1041,V02541,5,174374
OI02541,O1042,V02542,3,570063
OI02542,O1043,V02543,3,224189
OI02543,O1044,V02544,5,562789
OI02544,O1045,V02545,5,224558
OI02545,O1046,V02546,2,482844
OI02546,O1047,V02547,2,300621
OI02547,O1048,V02548,5,283094
OI02548,O1049,V02549,5,566271
OI02549,O1050,V02550,5,287546
OI02550,O9999,V02551,4,316745
OI02551,O1052,V02552,2,447914
OI02552,O1053,V02553,4,418580
OI02553,O1054,V02554,3,571906
OI02554,O1055,V02555,4,448794
OI02555,O1056,V02556,1,525740
OI02556,O1057,V02557,1,523696
OI02557,O1058,V02558,5,315042
OI02558,O1059,V02559,5,481327
OI02559,O1060,V02560,5,485633
OI02560,O1061,V02561,5,339104
OI02561,O1062,V02562,3,582150
OI02562,O1063,V02563,3,354628
OI02563,O1064,V02564,2,503240
OI02564,O1065,V02565,2,336765
OI02565,O1066,V02566,2,441905
OI02566,O1067,V02567,4,133341
OI02567,O1068,V02568,2,183162
OI02568,O1069,V02569,1,287401
OI02569,O1070,V02570,3,172258
OI02570,O1071,V02571,1,153897
OI02571,O1072,V02572,4,279947
OI02572,O1073,V02573,4,487631
OI02573,O1074,V02574,1,312370
OI02574,O1075,V02575,3,251969
OI02575,O1076,V02576,3,263209
OI02576,O1077,V02577,2,363812
OI02577,O1078,V02578,1,240082
OI02578,O1079,V02579,4,185831
OI02579,O1080,V02580,4,447226
OI02580,O9999,V02581,5,303562
OI02581,O1082,V02582,3,231279
OI02582,O1083,V02583,5,460138
OI02583,O1084,V02584,3,569824
OI02584,O1085,V02585,2,258026
OI02585,O1086,V02586,3,487888
OI02586,O1087,V02587,2,166366
OI02587,O1088,V02588,3,521654
OI02588,O1089,V02589,4,340151
OI02589,O1090,V02590,4,166739
OI02590,O1091,V02591,4,534438
OI02591,O1092,V02592,3,310897
OI02592,O1093,V02593,2,535951
OI02593,O1094,V02594,2,217173
OI02594,O1095,V02595,4,325900
OI02595,O1096,V02596,4,106209
OI02596,O1097,V02597,2,148954
OI02597,O1098,V02598,2,312745
OI02598,O1099,V02599,4,535460
OI02599,O1100,V02600,5,385839
OI02600,O1101,V02601,2,362379
OI02601,O1102,V02602,5,190237
OI02602,O1103,V02603,2,166735
OI02603,O1104,V02604,5,387423
OI02604,O1105,V02605,2,251708
OI02605,O1106,V02606,1,104858
OI02606,O1107,V02607,5,358291
OI02607,O1108,V02608,3,261293
OI02608,O1109,V02609,4,502196
OI02609,O1110,V02610,2,413762
OI02610,O9999,V02611,2,209669
OI02611,O1112,V02612,3,510513
OI02612,O1113,V02613,4,373858
OI02613,O1114,V02614,3,359218
OI02614,O1115,V02615,3,266273
OI02615,O1116,V02616,4,590908
OI02616,O1117,V02617,4,166688
OI02617,O1118,V02618,4,407071
OI02618,O1119,V02619,5,159437
OI02619,O1120,V02620,4,189467
OI02620,O1121,V02621,2,361106
OI02621,O1122,V02622,5,267899
OI02622,O1123,V02623,5,318780
OI02623,O1124,V02624,5,300209
OI02624,O1125,V02625,1,469414
OI02625,O1126,V02626,2,117550
OI02626,O1127,V02627,2,207847
OI02627,O1128,V02628,2,179294
OI02628,O1129,V02629,4,524500
OI02629,O1130,V02630,1,450142
OI02630,O1131,V02631,1,563347
OI02631,O1132,V02632,5,401436
OI02632,O1133,V02633,2,120125
OI02633,O1134,V02634,4,238666
OI02634,O1135,V02635,4,571279
OI02635,O1136,V02636,3,192893
OI02636,O1137,V02637,3,448750
OI02637,O1138,V02638,1,426760
OI02638,O1139,V02639,1,193780
OI02639,O1140,V02640,4,108784
OI02640,O9999,V02641,3,444795
OI02641,O1142,V02642,2,383948
OI02642,O1143,V02643,2,174181
OI02643,O1144,V02644,2,435356
OI02644,O1145,V02645,4,300198
OI02645,O1146,V02646,1,403074
OI02646,O1147,V02647,5,270062
OI02647,O1148,V02648,3,506017
OI02648,O1149,V02649,1,265591
OI02649,O1150,V02650,4,163249
OI02650,O1151,V02651,1,571751
OI02651,O1152,V02652,1,292539
OI02652,O1153,V02653,4,460002
OI02653,O1154,V02654,3,509143
OI02654,O1155,V02655,2,459856
OI02655,O1156,V02656,2,513280
OI02656,O1157,V02657,2,143622
OI02657,O1158,V02658,5,242001
OI02658,O1159,V02659,4,526900
OI02659,O1160,V02660,5,490463
OI02660,O1161,V02661,3,407946
OI02661,O1162,V02662,5,477298
OI02662,O1163,V02663,1,590184
OI02663,O1164,V02664,2,196000
OI02664,O1165,V02665,2,136224
OI02665,O1166,V02666,2,253384
OI02666,O1167,V02667,4,429354
OI02667,O1168,V02668,2,151336
OI02668,O1169,V02669,5,597220
OI02669,O1170,V02670,1,385916
OI02670,O9999,V02671,4,374436
OI02671,O1172,V02672,2,322740
OI02672,O1173,V02673,4,486396
OI02673,O1174,V02674,1,484048
OI02674,O1175,V02675,2,328264
OI02675,O1176,V02676,5,493914
OI02676,O1177,V02677,3,249046
OI02677,O1178,V02678,1,567392
OI02678,O1179,V02679,4,518067
OI02679,O1180,V02680,2,103885
OI02680,O1181,V02681,2,448654
OI02681,O1182,V02682,2,265251
OI02682,O1183,V02683,4,540716
OI02683,O1184,V02684,1,287320
OI02684,O1185,V02685,3,114727
OI02685,O1186,V02686,1,403882
OI02686,O1187,V02687,3,267811
OI02687,O1188,V02688,3,145407
OI02688,O1189,V02689,4,263599
OI02689,O1190,V02690,1,411773
OI02690,O1191,V02691,1,153108
OI02691,O1192,V02692,4,220803
OI02692,O1193,V02693,1,516061
OI02693,O1194,V02694,1,285186
OI02694,O1195,V02695,2,555267
OI02695,O1196,V02696,2,356796
OI02696,O1197,V02697,5,563732
OI02697,O1198,V02698,1,186039
OI02698,O1199,V02699,4,397600
OI02699,O1200,V02700,4,171230
OI02700,O9999,V02701,4,427743
OI02701,O1202,V02702,1,374069
OI02702,O1203,V02703,1,574210
OI02703,O1204,V02704,4,556534
OI02704,O1205,V02705,2,389813
OI02705,O1206,V02706,4,133293
OI02706,O1207,V02707,3,217133
OI02707,O1208,V02708,1,288940
OI02708,O1209,V02709,5,392884
OI02709,O1210,V02710,4,482604
OI02710,O1211,V02711,2,331470
OI02711,O1212,V02712,2,370497
OI02712,O1213,V02713,3,580486
OI02713,O1214,V02714,2,490712
OI02714,O1215,V02715,1,439291
OI02715,O1216,V02716,5,158287
OI02716,O1217,V02717,1,244385
OI02717,O1218,V02718,4,224658
OI02718,O1219,V02719,2,154453
OI02719,O1220,V02720,2,261294
OI02720,O1221,V02721,2,374528
OI02721,O1222,V02722,2,283923
OI02722,O1223,V02723,2,163367
OI02723,O1224,V02724,2,564523
OI02724,O1225,V02725,5,361357
OI02725,O1226,V02726,4,244657
OI02726,O1227,V02727,4,371558
OI02727,O1228,V02728,2,591183
OI02728,O1229,V02729,2,410137
OI02729,O1230,V02730,1,373241
OI02730,O9999,V02731,4,179344
OI02731,O1232,V02732,4,545024
OI02732,O1233,V02733,5,544319
OI02733,O1234,V02734,5,560372
OI02734,O1235,V02735,1,553903
OI02735,O1236,V02736,4,461913
OI02736,O1237,V02737,5,300550
OI02737,O1238,V02738,4,232580
OI02738,O1239,V02739,4,173781
OI02739,O1240,V02740,1,498354
OI02740,O1241,V02741,1,545598
OI02741,O1242,V02742,4,143461
OI02742,O1243,V02743,3,374559
OI02743,O1244,V02744,5,247004
OI02744,O1245,V02745,5,401567
OI02745,O1246,V02746,3,399790
OI02746,O1247,V02747,5,185012
OI02747,O1248,V02748,5,492995
OI02748,O1249,V02749,5,596847
OI02749,O1250,V02750,3,370159
OI02750,O1251,V02751,4,306725
OI02751,O1252,V02752,2,399788
OI02752,O1253,V02753,1,519098
OI02753,O1254,V02754,4,293619
OI02754,O1255,V02755,5,173676
OI02755,O1256,V02756,4,248918
OI02756,O1257,V02757,5,597465
OI02757,O1258,V02758,1,240381
OI02758,O1259,V02759,4,334958
OI02759,O1260,V02760,5,210875
OI02760,O9999,V02761,5,266990
OI02761,O1262,V02762,1,292972
OI02762,O1263,V02763,5,461851
OI02763,O1264,V02764,3,381325
OI02764,O1265,V02765,5,325636
OI02765,O1266,V02766,4,304856
OI02766,O1267,V02767,5,191786
OI02767,O1268,V02768,3,471003
OI02768,O1269,V02769,2,466960
OI02769,O1270,V02770,1,522420
OI02770,O1271,V02771,2,344864
OI02771,O1272,V02772,5,137899
OI02772,O1273,V02773,1,250548
OI02773,O1274,V02774,4,587564
OI02774,O1275,V02775,5,208583
OI02775,O1276,V02776,3,242207
OI02776,O1277,V02777,3,386105
OI02777,O1278,V02778,2,366982
OI02778,O1279,V02779,3,174648
OI02779,O1280,V02780,4,156946
OI02780,O1281,V02781,2,261938
OI02781,O1282,V02782,5,390562
OI02782,O1283,V02783,2,263796
OI02783,O1284,V02784,2,549530
OI02784,O1285,V02785,1,585885
OI02785,O1286,V02786,5,303836
OI02786,O1287,V02787,3,427844
OI02787,O1288,V02788,1,474309
OI02788,O1289,V02789,5,251778
OI02789,O1290,V02790,4,108422
OI02790,O9999,V02791,2,273694
OI02791,O1292,V02792,5,421693
OI02792,O1293,V02793,3,197876
OI02793,O1294,V02794,2,593808
OI02794,O1295,V02795,1,126369
OI02795,O1296,V02796,1,244486
OI02796,O1297,V02797,4,246349
OI02797,O1298,V02798,2,426466
OI02798,O1299,V02799,2,139861
OI02799,O1300,V02800,5,465597
OI02800,O1301,V02801,2,413075
OI02801,O1302,V02802,3,171550
OI02802,O1303,V02803,4,538445
OI02803,O1304,V02804,2,162008
OI02804,O1305,V02805,1,157783
OI02805,O1306,V02806,3,510208
OI02806,O1307,V02807,4,183814
OI02807,O1308,V02808,5,465002
OI02808,O1309,V02809,2,470803
OI02809,O1310,V02810,2,205855
OI02810,O1311,V02811,5,285991
OI02811,O1312,V02812,5,143165
OI02812,O1313,V02813,1,300809
OI02813,O1314,V02814,4,383787
OI02814,O1315,V02815,1,512225
OI02815,O1316,V02816,2,528215
OI02816,O1317,V02817,2,208520
OI02817,O1318,V02818,3,354894
OI02818,O1319,V02819,5,420622
OI02819,O1320,V02820,1,175832
OI02820,O9999,V02821,2,329000
OI02821,O1322,V02822,5,428365
OI02822,O1323,V02823,3,134004
OI02823,O1324,V02824,4,582360
OI02824,O1325,V02825,3,275274
OI02825,O1326,V02826,2,576806
OI02826,O1327,V02827,5,394497
OI02827,O1328,V02828,5,377675
OI02828,O1329,V02829,3,167386
OI02829,O1330,V02830,3,325650
OI02830,O1331,V02831,5,596301
OI02831,O1332,V02832,4,333694
OI02832,O1333,V02833,2,384239
OI02833,O1334,V02834,5,556577
OI02834,O1335,V02835,1,344541
OI02835,O1336,V02836,1,370168
OI02836,O1337,V02837,4,370279
OI02837,O1338,V02838,3,282850
OI02838,O1339,V02839,2,202524
OI02839,O1340,V02840,5,462332
OI02840,O1341,V02841,4,203597
OI02841,O1342,V02842,3,442682
OI02842,O1343,V02843,4,185153
OI02843,O1344,V02844,5,439843
OI02844,O1345,V02845,2,599061
OI02845,O1346,V02846,5,426186
OI02846,O1347,V02847,5,223117
OI02847,O1348,V02848,3,151012
OI02848,O1349,V02849,1,404956
OI02849,O1350,V02850,1,539627
OI02850,O9999,V02851,1,228236
OI02851,O1352,V02852,4,139790
OI02852,O1353,V02853,3,334666
OI02853,O1354,V02854,3,186354
OI02854,O1355,V02855,5,420401
OI02855,O1356,V02856,1,154314
OI02856,O1357,V02857,1,357521
OI02857,O1358,V02858,5,597358
OI02858,O1359,V02859,2,280060
OI02859,O1360,V02860,3,133339
OI02860,O1361,V02861,5,300941
OI02861,O1362,V02862,1,510567
OI02862,O1363,V02863,2,301653
OI02863,O1364,V02864,2,396959
OI02864,O1365,V02865,5,327171
OI02865,O1366,V02866,5,379839
OI02866,O1367,V02867,4,388207
OI02867,O1368,V02868,1,331373
OI02868,O1369,V02869,5,144740
OI02869,O1370,V02870,4,260722
OI02870,O1371,V02871,4,352872
OI02871,O1372,V02872,1,558870
OI02872,O1373,V02873,3,132489
OI02873,O1374,V02874,2,313815
OI02874,O1375,V02875,3,504773
OI02875,O1376,V02876,5,105381
OI02876,O1377,V02877,5,107126
OI02877,O1378,V02878,3,210622
OI02878,O1379,V02879,4,523704
OI02879,O1380,V02880,1,400705
OI02880,O9999,V02881,3,136696
OI02881,O1382,V02882,1,478385
OI02882,O1383,V02883,4,275227
OI02883,O1384,V02884,4,572680
OI02884,O1385,V02885,4,104169
OI02885,O1386,V02886,1,325397
OI02886,O1387,V02887,3,539540
OI02887,O1388,V02888,2,316787
OI02888,O1389,V02889,4,187624
OI02889,O1390,V02890,2,239848
OI02890,O1391,V02891,1,510001
OI02891,O1392,V02892,3,405399
OI02892,O1393,V02893,4,275300
OI02893,O1394,V02894,4,510562
OI02894,O1395,V02895,2,454987
OI02895,O1396,V02896,5,143679
OI02896,O1397,V02897,2,512016
OI02897,O1398,V02898,1,321686
OI02898,O1399,V02899,3,110148
OI02899,O1400,V02900,2,483252
OI02900,O1401,V02901,2,381549
OI02901,O1402,V02902,5,575823
OI02902,O1403,V02903,3,413706
OI02903,O1404,V02904,4,420439
OI02904,O1405,V02905,5,212453
OI02905,O1406,V02906,5,117621
OI02906,O1407,V02907,5,360436
OI02907,O1408,V02908,3,475971
OI02908,O1409,V02909,3,533323
OI02909,O1410,V02910,2,120871
OI02910,O9999,V02911,5,156193
OI02911,O1412,V02912,1,337933
OI02912,O1413,V02913,1,320701
OI02913,O1414,V02914,5,517793
OI02914,O1415,V02915,2,553982
OI02915,O1416,V02916,4,508422
OI02916,O1417,V02917,3,584452
OI02917,O1418,V02918,3,182933
OI02918,O1419,V02919,2,498654
OI02919,O1420,V02920,4,142101
OI02920,O1421,V02921,1,461105
OI02921,O1422,V02922,1,395923
OI02922,O1423,V02923,2,267137
OI02923,O1424,V02924,3,268830
OI02924,O1425,V02925,4,390719
OI02925,O1426,V02926,5,595138
OI02926,O1427,V02927,3,517327
OI02927,O1428,V02928,4,479808
OI02928,O1429,V02929,3,270581
OI02929,O1430,V02930,1,449222
OI02930,O1431,V02931,2,277980
OI02931,O1432,V02932,5,331056
OI02932,O1433,V02933,1,551042
OI02933,O1434,V02934,4,219066
OI02934,O1435,V02935,3,230276
OI02935,O1436,V02936,1,102816
OI02936,O1437,V02937,1,501505
OI02937,O1438,V02938,3,117205
OI02938,O1439,V02939,3,368813
OI02939,O1440,V02940,2,498812
OI02940,O9999,V02941,4,391477
OI02941,O1442,V02942,3,242343
OI02942,O1443,V02943,4,393065
OI02943,O1444,V02944,2,562217
OI02944,O1445,V02945,4,581387
OI02945,O1446,V02946,2,382170
OI02946,O1447,V02947,1,117043
OI02947,O1448,V02948,5,504743
OI02948,O1449,V02949,3,404860
OI02949,O1450,V02950,2,266611
OI02950,O1451,V02951,4,458543
OI02951,O1452,V02952,4,338094
OI02952,O1453,V02953,5,248394
OI02953,O1454,V02954,1,279087
OI02954,O1455,V02955,2,271116
OI02955,O1456,V02956,2,202737
OI02956,O1457,V02957,2,393375
OI02957,O1458,V02958,3,445608
OI02958,O1459,V02959,2,435043
OI02959,O1460,V02960,2,154687
OI02960,O1461,V02961,5,441971
OI02961,O1462,V02962,1,528656
OI02962,O1463,V02963,4,590422
OI02963,O1464,V02964,2,354015
OI02964,O1465,V02965,1,556101
OI02965,O1466,V02966,3,542387
OI02966,O1467,V02967,1,542612
OI02967,O1468,V02968,3,406033
OI02968,O1469,V02969,5,276734
OI02969,O1470,V02970,1,568758
OI02970,O9999,V02971,5,405905
OI02971,O1472,V02972,4,501649
OI02972,O1473,V02973,5,272275
OI02973,O1474,V02974,2,145596
OI02974,O1475,V02975,1,405040
OI02975,O1476,V02976,4,298613
OI02976,O1477,V02977,2,471649
OI02977,O1478,V02978,5,146813
OI02978,O1479,V02979,2,473051
OI02979,O1480,V02980,4,373996
OI02980,O1481,V02981,5,400657
OI02981,O1482,V02982,5,450030
OI02982,O1483,V02983,4,222886
OI02983,O1484,V02984,4,394174
OI02984,O1485,V02985,4,304499
OI02985,O1486,V02986,5,261150
OI02986,O1487,V02987,3,328401
OI02987,O1488,V02988,1,520816
OI02988,O1489,V02989,2,505764
OI02989,O1490,V02990,3,214004
OI02990,O1491,V02991,4,554277
OI02991,O1492,V02992,1,302975
OI02992,O1493,V02993,1,319946
OI02993,O1494,V02994,4,175860
OI02994,O1495,V02995,5,315923
OI02995,O1496,V02996,3,331681
OI02996,O1497,V02997,2,383892
OI02997,O1498,V02998,2,582713
OI02998,O1499,V02999,4,537658
OI02999,O1500,V03000,2,148649
OI03000,O9999,V03001,2,521244
