order_id,user_id,total_amount,order_date
O0001,U0002,531168,2025-10-07
O0002,U0003,459955,2025-08-06
O0003,U0004,904874,2025-01-14
O0004,U0005,659041,2025-09-26
O0005,U0006,988672,2025-08-17
O0006,U0007,675061,2025-11-02
O0007,U0008,937463,2025-09-25
O0008,U0009,582767,2025-10-28
O0009,U0010,349162,2025-07-28
O0010,U0011,830019,2025-11-01
O0011,U0012,119002,2025-07-15
O0012,U0013,381576,2025-04-19
O0013,U0014,679664,2026-01-08
O0014,U0015,410377,2025-06-26
O0015,U0016,139677,2025-05-24
O0016,U0017,754170,2025-05-26
O0017,U0018,983778,2025-11-24
O0018,U0019,887621,2025-06-10
O0019,U0020,317612,2025-09-27
O0020,U9999,345601,2025-06-26
O0021,U0022,457495,2026-01-01
O0022,U0023,801092,2025-11-19
O0023,U0024,908243,2025-08-14
O0024,U0025,222735,2025-06-05
O0025,U0026,0,2025-07-14
O0026,U0027,550334,2025-07-19
O0027,U0028,177885,2025-09-29
O0028,U0029,114485,2026-01-06
O0029,U0030,574109,2025-08-04
O0030,U0031,829641,2025-01-27
O0031,U0032,357687,2025-02-15
O0032,U0033,588373,2025-08-29
O0033,U0034,614807,2025-11-12
O0034,U0035,235309,2025-12-05
O0035,U0036,904849,2025-05-03
O0036,U0037,904731,2025-12-05
O0037,U0038,1002977,2025-10-20
O0038,U0039,1052021,2025-09-10
O0039,U0040,1053213,2025-04-14
O0040,U9999,279639,2025-12-25
O0041,U0042,874681,2025-02-25
O0042,U0043,692163,2025-01-15
O0043,U0044,875382,2025-03-19
O0044,U0045,862993,2025-03-30
O0045,U0046,285673,2025-05-25
O0046,U0047,230036,2025-08-04
O0047,U0048,469604,2025-08-28
O0048,U0049,442443,2025-02-26
O0049,U0050,443843,2025-11-15
O0050,U0051,0,2025-09-21
O0051,U0052,246048,2025-03-29
O0052,U0053,417722,2025-10-21
O0053,U0054,619111,2025-12-27
O0054,U0055,878713,2025-02-06
O0055,U0056,886541,2025-12-21
O0056,U0057,161217,2025-02-23
O0057,U0058,221976,2025-11-01
O0058,U0059,998823,2025-10-26
O0059,U0060,194287,2025-11-19
O0060,U9999,539414,2025-12-11
O0061,U0062,918603,2025-05-07
O0062,U0063,147410,2025-10-04
O0063,U0064,168778,2025-12-22
O0064,U0065,336665,2025-08-22
O0065,U0066,1011810,2025-03-31
O0066,U0067,812966,2025-07-22
O0067,U0068,509234,2026-01-01
O0068,U0069,1043791,2025-01-26
O0069,U0070,507636,2025-05-19
O0070,U0071,518798,2025-11-15
O0071,U0072,579471,2025-12-29
O0072,U0073,273884,2025-08-07
O0073,U0074,856138,2025-07-27
O0074,U0075,682937,2026-01-13
O0075,U0076,0,2025-06-23
O0076,U0077,899618,2025-02-27
O0077,U0078,604859,2026-01-06
O0078,U0079,426871,2025-07-26
O0079,U0080,640167,2025-03-29
O0080,U9999,757613,2025-04-22
O0081,U0082,654457,2025-02-28
O0082,U0083,460344,2025-08-28
O0083,U0084,819939,2025-09-27
O0084,U0085,350434,2025-05-24
O0085,U0086,341053,2025-09-06
O0086,U0087,158799,2025-12-05
O0087,U0088,971933,2026-01-02
O0088,U0089,514475,2025-03-14
O0089,U0090,808400,2025-10-30
O0090,U0091,644914,2025-01-27
O0091,U0092,237426,2025-02-01
O0092,U0093,713051,2025-01-14
O0093,U0094,1021231,2025-06-12
O0094,U0095,261986,2025-07-10
O0095,U0096,950486,2025-11-08
O0096,U0097,765617,2026-01-04
O0097,U0098,987991,2025-09-03
O0098,U0099,265578,2025-09-12
O0099,U0100,773913,2025-08-18
O0100,U9999,0,2025-05-24
O0101,U0102,672457,2025-11-14
O0102,U0103,1032922,2025-12-04
O0103,U0104,946096,2025-08-18
O0104,U0105,1077987,2025-10-02
O0105,U0106,664461,2025-03-15
O0106,U0107,912921,2025-01-23
O0107,U0108,1070385,2025-03-16
O0108,U0109,592914,2025-04-18
O0109,U0110,1042932,2025-10-05
O0110,U0111,405037,2025-03-25
O0111,U0112,541940,2025-09-19
O0112,U0113,310043,2025-01-29
O0113,U0114,635577,2025-03-24
O0114,U0115,374483,2025-11-21
O0115,U0116,356153,2025-11-21
O0116,U0117,432809,2025-04-26
O0117,U0118,323191,2025-03-28
O0118,U0119,441401,2025-08-01
O0119,U0120,882949,2025-10-22
O0120,U9999,229629,2025-02-25
O0121,U0122,970411,2025-09-28
O0122,U0123,1077375,2025-03-09
O0123,U0124,767776,2025-11-18
O0124,U0125,648040,2025-06-13
O0125,U0126,0,2025-09-28
O0126,U0127,570109,2025-02-27
O0127,U0128,381826,2025-11-08
O0128,U0129,571877,2025-03-19
O0129,U0130,667450,2025-08-06
O0130,U0131,772166,2025-05-25
O0131,U0132,558719,2025-09-22
O0132,U0133,357557,2025-04-15
O0133,U0134,554384,2025-09-25
O0134,U0135,620694,2025-10-07
O0135,U0136,324152,2025-07-05
O0136,U0137,696959,2025-05-14
O0137,U0138,975418,2025-07-15
O0138,U0139,1091179,2025-04-18
O0139,U0140,728410,2025-09-22
O0140,U9999,994648,2025-04-18
O0141,U0142,545542,2025-08-29
O0142,U0143,660670,2025-11-14
O0143,U0144,918112,2025-11-29
O0144,U0145,611372,2025-12-02
O0145,U0146,537897,2025-08-21
O0146,U0147,766400,2025-11-03
O0147,U0148,580811,2025-01-19
O0148,U0149,308930,2025-10-15
O0149,U0150,988290,2025-03-18
O0150,U0151,0,2026-01-09
O0151,U0152,997222,2025-07-24
O0152,U0153,201391,2025-02-10
O0153,U0154,996772,2025-06-23
O0154,U0155,112486,2025-06-17
O0155,U0156,719707,2025-12-25
O0156,U0157,380118,2025-11-08
O0157,U0158,641881,2025-12-22
O0158,U0159,434625,2025-10-18
O0159,U0160,469595,2025-03-30
O0160,U9999,143264,2025-11-23
O0161,U0162,326759,2025-08-29
O0162,U0163,542280,2025-05-03
O0163,U0164,819385,2025-06-21
O0164,U0165,443048,2025-07-15
O0165,U0166,1083541,2025-07-17
O0166,U0167,959663,2025-08-08
O0167,U0168,152699,2025-03-03
O0168,U0169,178442,2025-06-06
O0169,U0170,829625,2025-04-03
O0170,U0171,1085707,2026-01-08
O0171,U0172,278298,2025-08-07
O0172,U0173,898725,2025-06-29
O0173,U0174,761916,2025-08-22
O0174,U0175,798419,2025-05-08
O0175,U0176,0,2025-05-06
O0176,U0177,610426,2025-05-30
O0177,U0178,828381,2025-11-24
O0178,U0179,778716,2025-06-06
O0179,U0180,129946,2025-06-08
O0180,U9999,294440,2025-10-22
O0181,U0182,778431,2025-02-13
O0182,U0183,1043414,2025-12-27
O0183,U0184,547778,2025-05-11
O0184,U0185,821591,2025-05-08
O0185,U0186,205302,2025-04-10
O0186,U0187,805511,2025-06-26
O0187,U0188,224263,2025-09-17
O0188,U0189,1077167,2025-10-20
O0189,U0190,809936,2025-10-07
O0190,U0191,443251,2025-11-10
O0191,U0192,943769,2025-06-29
O0192,U0193,375134,2025-05-12
O0193,U0194,306864,2025-08-02
O0194,U0195,399304,2025-08-07
O0195,U0196,345122,2025-09-20
O0196,U0197,924514,2025-03-31
O0197,U0198,345750,2025-06-21
O0198,U0199,869214,2026-01-04
O0199,U0200,171207,2025-06-20
O0200,U9999,0,2025-06-06
O0201,U0202,920834,2025-03-21
O0202,U0203,473338,2025-04-18
O0203,U0204,982808,2025-05-16
O0204,U0205,604109,2025-06-12
O0205,U0206,1088352,2025-04-19
O0206,U0207,918382,2025-12-09
O0207,U0208,224007,2025-11-03
O0208,U0209,903296,2025-09-14
O0209,U0210,625763,2025-03-16
O0210,U0211,183836,2026-01-09
O0211,U0212,672146,2025-02-14
O0212,U0213,696063,2025-03-31
O0213,U0214,168575,2025-04-01
O0214,U0215,571106,2025-02-15
O0215,U0216,650307,2025-08-12
O0216,U0217,645991,2025-12-10
O0217,U0218,357095,2025-04-01
O0218,U0219,125039,2025-11-28
O0219,U0220,1049160,2025-12-07
O0220,U9999,880904,2025-09-27
O0221,U0222,819155,2025-12-11
O0222,U0223,568260,2025-10-27
O0223,U0224,1037552,2025-05-01
O0224,U0225,241829,2025-05-30
O0225,U0226,0,2025-02-11
O0226,U0227,330797,2025-11-23
O0227,U0228,243468,2025-04-22
O0228,U0229,175119,2025-02-19
O0229,U0230,658543,2025-05-15
O0230,U0231,688541,2026-01-09
O0231,U0232,205104,2025-04-06
O0232,U0233,206876,2025-12-03
O0233,U0234,344554,2025-06-21
O0234,U0235,233567,2025-12-18
O0235,U0236,401037,2025-07-17
O0236,U0237,982846,2025-04-08
O0237,U0238,845099,2025-09-22
O0238,U0239,444726,2025-03-24
O0239,U0240,1027615,2025-11-23
O0240,U9999,163357,2025-05-10
O0241,U0242,649498,2025-03-15
O0242,U0243,778175,2025-01-29
O0243,U0244,689355,2025-12-27
O0244,U0245,186010,2025-03-09
O0245,U0246,662058,2025-11-29
O0246,U0247,172211,2025-08-02
O0247,U0248,1000930,2025-12-17
O0248,U0249,1040148,2025-09-04
O0249,U0250,563801,2025-10-30
O0250,U0251,0,2025-02-04
O0251,U0252,873491,2025-07-24
O0252,U0253,775791,2025-03-04
O0253,U0254,596824,2025-03-12
O0254,U0255,551580,2025-01-26
O0255,U0256,1057086,2025-02-25
O0256,U0257,848724,2025-05-27
O0257,U0258,317001,2025-06-21
O0258,U0259,748425,2025-05-30
O0259,U0260,225253,2026-01-06
O0260,U9999,151587,2025-03-27
O0261,U0262,262226,2025-07-07
O0262,U0263,876937,2025-04-16
O0263,U0264,1089788,2025-05-31
O0264,U0265,762367,2025-02-06
O0265,U0266,148712,2025-11-25
O0266,U0267,329513,2025-08-01
O0267,U0268,196555,2025-04-04
O0268,U0269,981422,2025-03-20
O0269,U0270,896885,2025-03-10
O0270,U0271,239544,2025-06-04
O0271,U0272,852714,2025-11-24
O0272,U0273,118999,2025-05-02
O0273,U0274,791185,2025-02-12
O0274,U0275,425477,2025-09-30
O0275,U0276,0,2025-05-29
O0276,U0277,390408,2025-06-15
O0277,U0278,670145,2025-04-14
O0278,U0279,907663,2025-05-03
O0279,U0280,271723,2025-09-06
O0280,U9999,459547,2025-08-01
O0281,U0282,773761,2025-02-13
O0282,U0283,939244,2025-06-14
O0283,U0284,557972,2025-10-04
O0284,U0285,643209,2025-07-17
O0285,U0286,699117,2025-01-25
O0286,U0287,807627,2025-05-23
O0287,U0288,807078,2025-04-22
O0288,U0289,876165,2025-02-07
O0289,U0290,484517,2025-04-19
O0290,U0291,886798,2025-05-11
O0291,U0292,289846,2025-10-21
O0292,U0293,108078,2025-12-21
O0293,U0294,204100,2025-03-08
O0294,U0295,282913,2025-11-26
O0295,U0296,199092,2025-04-29
O0296,U0297,214858,2025-05-04
O0297,U0298,877791,2025-06-29
O0298,U0299,356407,2025-07-12
O0299,U0300,813865,2025-03-29
O0300,U9999,0,2025-01-25
O0301,U0302,195192,2025-12-23
O0302,U0303,424491,2025-06-03
O0303,U0304,914709,2025-09-04
O0304,U0305,807285,2025-08-31
O0305,U0306,852660,2025-07-05
O0306,U0307,1042978,2025-08-20
O0307,U0308,155293,2025-01-28
O0308,U0309,575277,2025-07-04
O0309,U0310,540296,2025-01-29
O0310,U0311,219165,2025-10-22
O0311,U0312,593236,2025-09-15
O0312,U0313,503247,2025-12-01
O0313,U0314,680752,2025-04-18
O0314,U0315,221611,2025-02-20
O0315,U0316,1065308,2025-12-25
O0316,U0317,656441,2025-03-25
O0317,U0318,1050250,2025-09-07
O0318,U0319,1004876,2025-08-19
O0319,U0320,127390,2025-12-29
O0320,U9999,734364,2025-07-05
O0321,U0322,139541,2025-06-16
O0322,U0323,439602,2025-12-28
O0323,U0324,1072385,2025-10-21
O0324,U0325,826556,2025-05-10
O0325,U0326,0,2025-06-08
O0326,U0327,769358,2025-11-29
O0327,U0328,712198,2025-06-28
O0328,U0329,1046213,2025-08-17
O0329,U0330,815954,2025-03-30
O0330,U0331,883660,2025-02-27
O0331,U0332,489368,2025-04-22
O0332,U0333,987122,2025-08-30
O0333,U0334,1075126,2025-02-07
O0334,U0335,358767,2025-06-25
O0335,U0336,624907,2025-11-20
O0336,U0337,744764,2025-11-05
O0337,U0338,667105,2025-03-04
O0338,U0339,787854,2025-06-18
O0339,U0340,649208,2025-07-26
O0340,U9999,375920,2025-05-24
O0341,U0342,586795,2025-08-29
O0342,U0343,670460,2026-01-10
O0343,U0344,474306,2025-09-27
O0344,U0345,419701,2025-10-24
O0345,U0346,985363,2025-12-22
O0346,U0347,138244,2025-04-07
O0347,U0348,1095829,2025-03-24
O0348,U0349,114318,2025-05-25
O0349,U0350,884802,2025-04-24
O0350,U0351,0,2025-06-29
O0351,U0352,876400,2025-02-26
O0352,U0353,923673,2025-12-19
O0353,U0354,858176,2025-08-23
O0354,U0355,538289,2025-02-10
O0355,U0356,1087734,2025-10-04
O0356,U0357,897133,2025-10-06
O0357,U0358,997986,2025-03-26
O0358,U0359,983308,2025-05-29
O0359,U0360,864717,2025-03-23
O0360,U9999,357034,2025-07-05
O0361,U0362,182791,2025-04-21
O0362,U0363,755425,2025-06-06
O0363,U0364,889372,2025-11-12
O0364,U0365,1063436,2025-10-10
O0365,U0366,174245,2025-02-03
O0366,U0367,541543,2025-10-31
O0367,U0368,436282,2025-12-26
O0368,U0369,1057426,2025-11-07
O0369,U0370,208901,2025-10-15
O0370,U0371,201076,2025-08-15
O0371,U0372,845297,2025-02-24
O0372,U0373,113532,2025-04-21
O0373,U0374,448386,2025-02-11
O0374,U0375,153027,2025-12-08
O0375,U0376,0,2025-03-06
O0376,U0377,691983,2025-09-01
O0377,U0378,766472,2025-11-29
O0378,U0379,196306,2025-10-22
O0379,U0380,618971,2025-02-20
O0380,U9999,543659,2025-01-29
O0381,U0382,899350,2025-06-06
O0382,U0383,866448,2025-03-03
O0383,U0384,1010593,2025-01-21
O0384,U0385,625127,2025-12-04
O0385,U0386,952661,2025-07-03
O0386,U0387,961840,2025-08-27
O0387,U0388,232052,2025-03-13
O0388,U0389,802130,2025-09-27
O0389,U0390,746889,2025-11-18
O0390,U0391,170368,2025-03-17
O0391,U0392,397149,2025-03-03
O0392,U0393,455048,2025-12-17
O0393,U0394,854675,2025-05-16
O0394,U0395,915576,2025-01-26
O0395,U0396,257953,2025-12-24
O0396,U0397,511789,2025-09-06
O0397,U0398,290219,2025-04-13
O0398,U0399,438521,2025-03-27
O0399,U0400,789053,2025-05-06
O0400,U9999,0,2025-10-21
O0401,U0402,223474,2025-03-30
O0402,U0403,1075977,2025-05-23
O0403,U0404,769689,2025-04-20
O0404,U0405,1067249,2025-12-18
O0405,U0406,841283,2025-08-17
O0406,U0407,480175,2025-01-19
O0407,U0408,178107,2025-08-24
O0408,U0409,180429,2025-02-14
O0409,U0410,487128,2025-09-03
O0410,U0411,579344,2025-01-21
O0411,U0412,466591,2025-04-25
O0412,U0413,140901,2025-04-01
O0413,U0414,640133,2025-04-17
O0414,U0415,433274,2025-02-10
O0415,U0416,420113,2025-10-30
O0416,U0417,862442,2025-07-08
O0417,U0418,141920,2025-12-10
O0418,U0419,878160,2025-03-13
O0419,U0420,211650,2025-04-18
O0420,U9999,310141,2025-10-13
O0421,U0422,551746,2026-01-01
O0422,U0423,763588,2026-01-05
O0423,U0424,850883,2025-11-21
O0424,U0425,643634,2025-11-07
O0425,U0426,0,2025-05-30
O0426,U0427,1081295,2025-06-08
O0427,U0428,693014,2025-05-21
O0428,U0429,407303,2025-06-15
O0429,U0430,711650,2025-07-10
O0430,U0431,1040667,2025-11-13
O0431,U0432,529620,2025-09-15
O0432,U0433,329119,2025-09-04
O0433,U0434,686171,2025-10-27
O0434,U0435,540043,2025-07-23
O0435,U0436,759726,2025-12-24
O0436,U0437,1048626,2025-12-02
O0437,U0438,421785,2025-03-02
O0438,U0439,746397,2025-03-31
O0439,U0440,652713,2025-03-02
O0440,U9999,527876,2025-09-03
O0441,U0442,474864,2025-07-07
O0442,U0443,1076648,2025-08-01
O0443,U0444,572022,2025-12-30
O0444,U0445,428048,2025-03-06
O0445,U0446,143164,2025-07-28
O0446,U0447,987230,2025-05-09
O0447,U0448,343598,2025-06-05
O0448,U0449,103500,2025-04-20
O0449,U0450,698724,2025-04-06
O0450,U0451,0,2025-06-26
O0451,U0452,156349,2025-10-29
O0452,U0453,184375,2025-11-04
O0453,U0454,807936,2025-07-20
O0454,U0455,220972,2025-07-14
O0455,U0456,658112,2025-07-09
O0456,U0457,957089,2025-11-19
O0457,U0458,921802,2025-09-18
O0458,U0459,846378,2025-07-11
O0459,U0460,1016214,2025-08-17
O0460,U9999,771508,2025-09-13
O0461,U0462,933557,2025-05-01
O0462,U0463,619666,2025-03-04
O0463,U0464,128870,2025-04-14
O0464,U0465,507541,2025-10-10
O0465,U0466,475913,2025-12-24
O0466,U0467,1053971,2025-11-27
O0467,U0468,771371,2025-08-25
O0468,U0469,640906,2025-07-09
O0469,U0470,944448,2025-03-08
O0470,U0471,168159,2025-11-02
O0471,U0472,620206,2025-10-31
O0472,U0473,906815,2025-09-22
O0473,U0474,126789,2025-10-09
O0474,U0475,517350,2025-08-23
O0475,U0476,0,2025-10-01
O0476,U0477,560923,2025-01-18
O0477,U0478,735215,2026-01-10
O0478,U0479,755063,2025-11-17
O0479,U0480,998109,2025-10-31
O0480,U9999,456509,2025-11-29
O0481,U0482,555716,2025-04-03
O0482,U0483,317219,2025-11-23
O0483,U0484,1097724,2025-03-02
O0484,U0485,305237,2025-04-05
O0485,U0486,892453,2025-06-18
O0486,U0487,752970,2025-10-22
O0487,U0488,707081,2025-10-04
O0488,U0489,354593,2025-01-14
O0489,U0490,963596,2025-06-23
O0490,U0491,639287,2025-02-15
O0491,U0492,1040274,2025-09-24
O0492,U0493,1089736,2025-06-02
O0493,U0494,760685,2025-11-25
O0494,U0495,857470,2025-06-01
O0495,U0496,943297,2025-03-09
O0496,U0497,979099,2025-02-10
O0497,U0498,1095159,2025-05-28
O0498,U0499,927232,2025-09-19
O0499,U0500,421338,2025-10-26
O0500,U9999,0,2025-05-15
O0501,U0502,555799,2025-03-21
O0502,U0503,577167,2025-01-20
O0503,U0504,942004,2025-09-06
O0504,U0505,967681,2025-12-26
O0505,U0506,136011,2025-09-10
O0506,U0507,355311,2025-11-08
O0507,U0508,455979,2025-04-23
O0508,U0509,699205,2025-06-24
O0509,U0510,505582,2025-07-03
O0510,U0511,665142,2025-02-09
O0511,U0512,940800,2025-12-14
O0512,U0513,652180,2025-07-16
O0513,U0514,313277,2025-03-12
O0514,U0515,138498,2025-08-23
O0515,U0516,1049145,2025-10-07
O0516,U0517,836417,2025-05-26
O0517,U0518,331545,2025-04-09
O0518,U0519,719526,2025-11-25
O0519,U0520,349278,2025-03-23
O0520,U9999,483692,2025-05-04
O0521,U0522,530690,2025-04-30
O0522,U0523,1011750,2025-10-28
O0523,U0524,1083259,2025-08-03
O0524,U0525,409037,2025-02-26
O0525,U0526,0,2025-07-07
O0526,U0527,641453,2025-06-28
O0527,U0528,443687,2025-04-14
O0528,U0529,155704,2025-10-13
O0529,U0530,657544,2025-10-15
O0530,U0531,1076397,2025-09-13
O0531,U0532,256954,2025-11-26
O0532,U0533,941443,2025-08-01
O0533,U0534,405732,2025-10-02
O0534,U0535,137065,2025-07-29
O0535,U0536,704095,2025-09-15
O0536,U0537,503335,2025-04-29
O0537,U0538,458468,2025-03-25
O0538,U0539,844755,2025-02-25
O0539,U0540,932759,2025-08-08
O0540,U9999,992108,2025-06-26
O0541,U0542,191594,2025-06-04
O0542,U0543,205654,2025-03-09
O0543,U0544,967855,2025-11-12
O0544,U0545,277618,2025-02-27
O0545,U0546,794686,2026-01-07
O0546,U0547,505881,2025-10-14
O0547,U0548,470271,2025-10-25
O0548,U0549,609590,2025-09-23
O0549,U0550,1054677,2025-11-13
O0550,U0551,0,2025-09-24
O0551,U0552,136137,2025-09-10
O0552,U0553,192422,2025-04-10
O0553,U0554,736477,2026-01-02
O0554,U0555,108612,2025-12-17
O0555,U0556,253225,2025-01-30
O0556,U0557,593448,2025-12-26
O0557,U0558,496585,2026-01-01
O0558,U0559,1030488,2025-03-23
O0559,U0560,1051732,2025-03-01
O0560,U9999,986203,2025-06-06
O0561,U0562,430193,2025-09-28
O0562,U0563,352024,2025-12-03
O0563,U0564,886914,2025-06-04
O0564,U0565,1080092,2025-05-30
O0565,U0566,875645,2025-12-17
O0566,U0567,330618,2025-07-25
O0567,U0568,378716,2025-06-05
O0568,U0569,991564,2025-01-14
O0569,U0570,716779,2025-04-23
O0570,U0571,1083608,2025-09-03
O0571,U0572,845502,2025-12-12
O0572,U0573,987598,2025-07-07
O0573,U0574,644805,2025-07-25
O0574,U0575,1085678,2025-06-21
O0575,U0576,0,2025-05-18
O0576,U0577,943342,2025-06-02
O0577,U0578,136520,2025-12-18
O0578,U0579,837616,2025-07-20
O0579,U0580,861750,2025-05-30
O0580,U9999,755358,2025-10-11
O0581,U0582,404156,2025-04-20
O0582,U0583,230548,2025-03-31
O0583,U0584,562202,2025-08-22
O0584,U0585,425109,2025-10-22
O0585,U0586,552277,2025-03-09
O0586,U0587,100079,2025-05-28
O0587,U0588,315634,2025-06-02
O0588,U0589,985549,2025-10-12
O0589,U0590,398418,2025-07-14
O0590,U0591,461785,2025-11-26
O0591,U0592,926373,2025-08-17
O0592,U0593,179979,2025-08-01
O0593,U0594,491148,2025-06-08
O0594,U0595,688083,2025-10-16
O0595,U0596,885583,2025-09-22
O0596,U0597,172831,2025-12-28
O0597,U0598,521655,2025-08-31
O0598,U0599,202761,2025-11-29
O0599,U0600,893770,2025-12-03
O0600,U9999,0,2025-08-04
O0601,U0602,678736,2025-09-14
O0602,U0603,803074,2026-01-07
O0603,U0604,511001,2025-10-16
O0604,U0605,182372,2026-01-11
O0605,U0606,338157,2025-11-02
O0606,U0607,485454,2025-05-07
O0607,U0608,485631,2025-01-15
O0608,U0609,473276,2025-05-02
O0609,U0610,540142,2025-03-23
O0610,U0611,533031,2025-11-29
O0611,U0612,663407,2025-09-12
O0612,U0613,727220,2025-08-06
O0613,U0614,458569,2025-09-25
O0614,U0615,315213,2025-06-29
O0615,U0616,260473,2025-04-19
O0616,U0617,138061,2025-07-01
O0617,U0618,356149,2025-10-09
O0618,U0619,866709,2025-05-17
O0619,U0620,850445,2025-11-02
O0620,U9999,432572,2025-11-25
O0621,U0622,736878,2025-07-03
O0622,U0623,405987,2025-08-17
O0623,U0624,251201,2025-12-02
O0624,U0625,142758,2025-07-09
O0625,U0626,0,2025-09-14
O0626,U0627,531114,2025-02-04
O0627,U0628,223537,2025-07-21
O0628,U0629,576250,2025-03-25
O0629,U0630,953865,2026-01-13
O0630,U0631,788227,2025-07-19
O0631,U0632,1071651,2025-12-25
O0632,U0633,502483,2025-02-16
O0633,U0634,488103,2025-11-01
O0634,U0635,848109,2025-09-20
O0635,U0636,1017085,2025-09-21
O0636,U0637,214536,2026-01-10
O0637,U0638,555221,2025-06-04
O0638,U0639,174880,2025-04-17
O0639,U0640,1000784,2025-07-18
O0640,U9999,713590,2025-11-30
O0641,U0642,587342,2025-09-20
O0642,U0643,1077099,2025-07-04
O0643,U0644,301077,2025-06-03
O0644,U0645,140405,2025-07-12
O0645,U0646,721050,2025-09-26
O0646,U0647,459195,2025-07-23
O0647,U0648,782384,2025-08-06
O0648,U0649,460819,2025-12-27
O0649,U0650,140042,2025-10-11
O0650,U0651,0,2025-01-31
O0651,U0652,307163,2025-11-29
O0652,U0653,377492,2025-12-29
O0653,U0654,632459,2025-04-07
O0654,U0655,1018822,2025-08-23
O0655,U0656,588096,2025-11-15
O0656,U0657,221230,2025-02-04
O0657,U0658,274074,2025-04-04
O0658,U0659,338311,2025-07-27
O0659,U0660,290339,2025-07-22
O0660,U9999,817936,2025-10-15
O0661,U0662,434053,2025-09-10
O0662,U0663,126795,2025-01-24
O0663,U0664,869916,2025-06-21
O0664,U0665,742242,2025-05-04
O0665,U0666,663718,2025-02-07
O0666,U0667,419301,2025-11-30
O0667,U0668,610455,2025-07-02
O0668,U0669,627438,2025-11-20
O0669,U0670,251786,2025-08-12
O0670,U0671,604262,2025-11-30
O0671,U0672,407377,2025-12-03
O0672,U0673,846496,2025-12-03
O0673,U0674,695597,2025-05-13
O0674,U0675,150498,2025-02-07
O0675,U0676,0,2025-10-27
O0676,U0677,630152,2025-12-13
O0677,U0678,549718,2025-09-08
O0678,U0679,851001,2026-01-12
O0679,U0680,333813,2025-05-12
O0680,U9999,520205,2025-10-18
O0681,U0682,486448,2025-08-07
O0682,U0683,987283,2025-03-31
O0683,U0684,608205,2025-06-26
O0684,U0685,921739,2025-02-14
O0685,U0686,627823,2026-01-06
O0686,U0687,333675,2025-07-02
O0687,U0688,581362,2025-09-08
O0688,U0689,948940,2025-08-12
O0689,U0690,120103,2025-05-19
O0690,U0691,365684,2025-04-09
O0691,U0692,359340,2025-12-25
O0692,U0693,1034368,2025-05-28
O0693,U0694,521318,2025-02-14
O0694,U0695,822510,2025-04-15
O0695,U0696,421597,2025-05-10
O0696,U0697,160837,2025-02-11
O0697,U0698,935541,2025-06-15
O0698,U0699,870049,2025-04-17
O0699,U0700,1027141,2025-06-02
O0700,U9999,0,2025-05-11
O0701,U0702,653635,2025-04-23
O0702,U0703,725770,2025-04-16
O0703,U0704,108543,2025-08-02
O0704,U0705,105547,2025-12-23
O0705,U0706,351089,2025-03-05
O0706,U0707,563737,2025-10-07
O0707,U0708,213232,2025-12-20
O0708,U0709,723985,2025-03-23
O0709,U0710,1092550,2025-06-08
O0710,U0711,671328,2025-08-31
O0711,U0712,861744,2025-07-09
O0712,U0713,943446,2025-05-03
O0713,U0714,744514,2025-10-17
O0714,U0715,518867,2025-06-04
O0715,U0716,722087,2025-10-30
O0716,U0717,674590,2025-05-21
O0717,U0718,539590,2025-06-06
O0718,U0719,555988,2025-09-21
O0719,U0720,384065,2025-08-22
O0720,U9999,624445,2025-03-13
O0721,U0722,639063,2025-06-08
O0722,U0723,797242,2025-03-31
O0723,U0724,598313,2025-03-13
O0724,U0725,1092635,2025-10-04
O0725,U0726,0,2025-06-13
O0726,U0727,803686,2025-07-08
O0727,U0728,464488,2025-06-29
O0728,U0729,879852,2025-12-22
O0729,U0730,670092,2025-12-31
O0730,U0731,205903,2025-05-07
O0731,U0732,757972,2025-05-27
O0732,U0733,305424,2025-11-06
O0733,U0734,979668,2025-11-16
O0734,U0735,402500,2025-01-24
O0735,U0736,403338,2025-07-26
O0736,U0737,1000356,2025-11-03
O0737,U0738,711688,2025-11-21
O0738,U0739,502354,2025-08-02
O0739,U0740,679353,2025-04-17
O0740,U9999,908073,2025-10-29
O0741,U0742,784721,2025-09-03
O0742,U0743,154751,2025-12-15
O0743,U0744,939285,2025-09-02
O0744,U0745,148154,2025-04-25
O0745,U0746,372036,2026-01-12
O0746,U0747,193548,2025-07-17
O0747,U0748,1022049,2025-12-09
O0748,U0749,1061900,2025-07-11
O0749,U0750,516574,2025-10-10
O0750,U0751,0,2025-11-11
O0751,U0752,348174,2025-04-29
O0752,U0753,1054499,2025-04-01
O0753,U0754,857500,2025-04-02
O0754,U0755,552404,2025-07-02
O0755,U0756,809510,2025-03-11
O0756,U0757,995318,2025-07-19
O0757,U0758,1055261,2025-12-28
O0758,U0759,230557,2025-07-06
O0759,U0760,535986,2025-11-09
O0760,U9999,284994,2026-01-10
O0761,U0762,120359,2025-10-25
O0762,U0763,631715,2025-07-12
O0763,U0764,272895,2026-01-02
O0764,U0765,264840,2025-11-01
O0765,U0766,798676,2025-06-07
O0766,U0767,960545,2025-09-26
O0767,U0768,824199,2025-05-31
O0768,U0769,855436,2025-02-06
O0769,U0770,861969,2025-04-14
O0770,U0771,868786,2025-09-10
O0771,U0772,386552,2025-01-23
O0772,U0773,262609,2025-12-11
O0773,U0774,576478,2025-04-10
O0774,U0775,747220,2025-10-28
O0775,U0776,0,2025-08-08
O0776,U0777,448019,2025-12-17
O0777,U0778,573958,2025-04-29
O0778,U0779,221022,2025-08-01
O0779,U0780,622794,2025-03-20
O0780,U9999,227557,2025-07-14
O0781,U0782,959315,2025-06-27
O0782,U0783,881876,2025-03-02
O0783,U0784,326434,2025-11-15
O0784,U0785,920816,2025-04-06
O0785,U0786,151571,2025-10-11
O0786,U0787,700544,2025-07-20
O0787,U0788,201299,2026-01-09
O0788,U0789,286744,2025-04-10
O0789,U0790,183424,2025-07-17
O0790,U0791,597187,2025-08-17
O0791,U0792,628123,2025-12-10
O0792,U0793,348300,2025-08-28
O0793,U0794,983660,2025-05-16
O0794,U0795,732905,2025-07-21
O0795,U0796,353075,2025-12-08
O0796,U0797,206725,2025-12-09
O0797,U0798,964614,2025-08-17
O0798,U0799,198377,2025-02-15
O0799,U0800,877004,2025-11-26
O0800,U9999,0,2025-04-05
O0801,U0802,1071551,2025-04-06
O0802,U0803,154013,2025-01-26
O0803,U0804,338084,2025-04-01
O0804,U0805,1092588,2025-02-13
O0805,U0806,296932,2025-12-03
O0806,U0807,479347,2025-09-10
O0807,U0808,691297,2025-03-31
O0808,U0809,939559,2025-09-12
O0809,U0810,1092942,2026-01-04
O0810,U0811,197243,2025-05-26
O0811,U0812,1072276,2025-10-17
O0812,U0813,531030,2025-05-19
O0813,U0814,286356,2025-06-23
O0814,U0815,255078,2025-11-18
O0815,U0816,309452,2025-12-10
O0816,U0817,445774,2025-04-24
O0817,U0818,919059,2025-12-28
O0818,U0819,798203,2025-08-11
O0819,U0820,131006,2025-07-26
O0820,U9999,918868,2025-07-28
O0821,U0822,254501,2025-12-08
O0822,U0823,254032,2025-11-22
O0823,U0824,212416,2025-06-27
O0824,U0825,213729,2025-05-16
O0825,U0826,0,2025-07-21
O0826,U0827,111390,2025-01-23
O0827,U0828,543167,2025-05-29
O0828,U0829,759229,2025-05-18
O0829,U0830,221956,2025-10-23
O0830,U0831,264496,2025-07-29
O0831,U0832,702728,2025-03-14
O0832,U0833,463334,2025-08-02
O0833,U0834,678616,2025-03-09
O0834,U0835,386394,2025-05-09
O0835,U0836,743025,2025-09-30
O0836,U0837,310024,2025-08-29
O0837,U0838,226895,2025-02-26
O0838,U0839,338059,2025-11-21
O0839,U0840,392467,2025-02-09
O0840,U9999,986584,2025-05-20
O0841,U0842,558223,2025-09-14
O0842,U0843,145745,2026-01-04
O0843,U0844,457458,2025-05-22
O0844,U0845,1052039,2025-12-21
O0845,U0846,221579,2025-12-15
O0846,U0847,494927,2025-11-17
O0847,U0848,1020795,2025-12-14
O0848,U0849,446527,2025-07-04
O0849,U0850,858172,2025-11-27
O0850,U0851,0,2025-01-31
O0851,U0852,406267,2025-05-19
O0852,U0853,190571,2025-04-09
O0853,U0854,188503,2025-08-22
O0854,U0855,699272,2025-09-11
O0855,U0856,948864,2025-09-14
O0856,U0857,713119,2025-02-07
O0857,U0858,961834,2025-10-26
O0858,U0859,157984,2025-11-16
O0859,U0860,403710,2025-03-22
O0860,U9999,613790,2025-03-02
O0861,U0862,273413,2025-03-17
O0862,U0863,702359,2025-08-23
O0863,U0864,444993,2025-10-08
O0864,U0865,401234,2025-03-07
O0865,U0866,142550,2025-08-28
O0866,U0867,344929,2025-03-30
O0867,U0868,540709,2025-03-09
O0868,U0869,117638,2025-06-25
O0869,U0870,688378,2025-09-12
O0870,U0871,772274,2025-03-10
O0871,U0872,1085019,2025-01-18
O0872,U0873,762088,2025-03-17
O0873,U0874,505153,2025-03-28
O0874,U0875,492609,2025-03-11
O0875,U0876,0,2025-06-05
O0876,U0877,223146,2025-11-04
O0877,U0878,174086,2025-06-21
O0878,U0879,789547,2025-01-24
O0879,U0880,363461,2025-07-06
O0880,U9999,253036,2025-06-15
O0881,U0882,188076,2025-06-18
O0882,U0883,763517,2025-01-28
O0883,U0884,353108,2025-03-04
O0884,U0885,459286,2026-01-11
O0885,U0886,966155,2025-04-20
O0886,U0887,819608,2025-07-05
O0887,U0888,1084200,2025-05-25
O0888,U0889,125692,2025-08-22
O0889,U0890,850063,2025-06-17
O0890,U0891,1053658,2025-05-06
O0891,U0892,717507,2025-09-25
O0892,U0893,167000,2025-11-27
O0893,U0894,1022691,2025-12-17
O0894,U0895,948397,2025-05-26
O0895,U0896,996867,2025-06-29
O0896,U0897,855761,2025-01-17
O0897,U0898,161064,2025-02-23
O0898,U0899,862275,2025-12-01
O0899,U0900,1004191,2025-10-14
O0900,U9999,0,2025-07-06
O0901,U0902,200888,2025-04-24
O0902,U0903,598933,2025-05-05
O0903,U0904,789548,2025-09-11
O0904,U0905,806446,2025-07-04
O0905,U0906,702562,2025-08-20
O0906,U0907,1009639,2025-03-15
O0907,U0908,529923,2025-07-12
O0908,U0909,195292,2025-12-21
O0909,U0910,634319,2025-12-05
O0910,U0911,565560,2025-05-11
O0911,U0912,395997,2025-07-18
O0912,U0913,1018191,2025-07-31
O0913,U0914,157503,2025-07-15
O0914,U0915,655691,2025-04-18
O0915,U0916,807620,2025-12-24
O0916,U0917,592317,2025-05-07
O0917,U0918,416022,2026-01-04
O0918,U0919,523605,2025-03-16
O0919,U0920,402500,2025-12-23
O0920,U9999,764973,2025-08-27
O0921,U0922,350747,2025-02-10
O0922,U0923,692479,2025-01-28
O0923,U0924,230381,2026-01-02
O0924,U0925,859959,2025-02-22
O0925,U0926,0,2025-05-18
O0926,U0927,704511,2025-05-16
O0927,U0928,242264,2026-01-06
O0928,U0929,554668,2025-03-04
O0929,U0930,670074,2025-09-23
O0930,U0931,115151,2025-11-28
O0931,U0932,962205,2025-11-10
O0932,U0933,225631,2025-05-12
O0933,U0934,373100,2025-04-04
O0934,U0935,231032,2025-04-29
O0935,U0936,164976,2025-07-27
O0936,U0937,948594,2025-04-28
O0937,U0938,667514,2025-04-09
O0938,U0939,392479,2025-10-23
O0939,U0940,1010345,2025-04-06
O0940,U9999,140000,2025-10-26
O0941,U0942,848985,2025-04-12
O0942,U0943,869220,2025-05-08
O0943,U0944,784552,2025-06-19
O0944,U0945,503615,2025-03-16
O0945,U0946,130726,2025-02-22
O0946,U0947,750179,2025-04-20
O0947,U0948,480088,2025-05-25
O0948,U0949,1044477,2025-01-26
O0949,U0950,159337,2025-09-25
O0950,U0951,0,2025-08-03
O0951,U0952,1022031,2025-08-06
O0952,U0953,117341,2025-08-28
O0953,U0954,491818,2025-03-19
O0954,U0955,887799,2025-09-09
O0955,U0956,431372,2025-10-03
O0956,U0957,1014020,2025-02-26
O0957,U0958,621697,2025-12-26
O0958,U0959,1026098,2025-01-15
O0959,U0960,447450,2025-10-01
O0960,U9999,585841,2025-01-22
O0961,U0962,938174,2025-08-21
O0962,U0963,903583,2025-04-29
O0963,U0964,334040,2025-08-30
O0964,U0965,565318,2026-01-08
O0965,U0966,845102,2025-11-25
O0966,U0967,1067707,2025-08-23
O0967,U0968,401617,2025-04-06
O0968,U0969,853223,2025-06-03
O0969,U0970,1069296,2025-05-23
O0970,U0971,949794,2025-05-02
O0971,U0972,123272,2025-10-06
O0972,U0973,480379,2025-08-01
O0973,U0974,308535,2025-02-15
O0974,U0975,586644,2025-08-21
O0975,U0976,0,2025-04-20
O0976,U0977,566981,2025-08-04
O0977,U0978,259523,2025-12-19
O0978,U0979,149872,2025-11-08
O0979,U0980,1021804,2025-04-12
O0980,U9999,590578,2025-09-11
O0981,U0982,335703,2025-10-18
O0982,U0983,891438,2025-09-28
O0983,U0984,526380,2025-07-29
O0984,U0985,1021844,2025-08-10
O0985,U0986,846598,2025-05-01
O0986,U0987,887690,2025-02-25
O0987,U0988,1023010,2025-06-03
O0988,U0989,239544,2025-04-05
O0989,U0990,946371,2025-07-15
O0990,U0991,842800,2025-02-10
O0991,U0992,1012134,2025-05-24
O0992,U0993,193337,2025-05-27
O0993,U0994,424733,2025-02-12
O0994,U0995,1089719,2025-06-24
O0995,U0996,339275,2025-05-02
O0996,U0997,402680,2025-10-03
O0997,U0998,1014203,2025-09-26
O0998,U0999,402205,2025-10-30
O0999,U1000,1023325,2026-01-10
O1000,U9999,0,2025-02-20
O1001,U0002,968551,2025-12-29
O1002,U0003,418016,2025-08-27
O1003,U0004,1043560,2025-04-18
O1004,U0005,969346,2025-02-25
O1005,U0006,845488,2025-05-17
O1006,U0007,397785,2026-01-08
O1007,U0008,706323,2025-04-09
O1008,U0009,841176,2025-12-01
O1009,U0010,660384,2025-06-11
O1010,U0011,816312,2025-06-21
O1011,U0012,1058879,2025-02-04
O1012,U0013,176489,2025-05-08
O1013,U0014,295540,2025-04-06
O1014,U0015,631652,2025-11-17
O1015,U0016,1021440,2025-03-28
O1016,U0017,115228,2025-10-17
O1017,U0018,959142,2025-05-15
O1018,U0019,173714,2025-03-03
O1019,U0020,411595,2025-08-18
O1020,U9999,186184,2025-06-07
O1021,U0022,1063414,2025-12-26
O1022,U0023,929485,2025-04-25
O1023,U0024,518072,2025-03-28
O1024,U0025,179255,2025-11-26
O1025,U0026,0,2025-01-25
O1026,U0027,695717,2025-04-29
O1027,U0028,301962,2025-07-05
O1028,U0029,1017119,2025-12-22
O1029,U0030,743289,2025-05-25
O1030,U0031,303190,2025-12-08
O1031,U0032,632856,2025-06-26
O1032,U0033,723139,2025-09-18
O1033,U0034,734718,2025-09-10
O1034,U0035,756798,2025-02-01
O1035,U0036,140839,2025-02-21
O1036,U0037,282357,2025-09-12
O1037,U0038,587075,2025-10-03
O1038,U0039,414089,2025-01-17
O1039,U0040,176090,2025-04-27
O1040,U9999,802885,2025-02-15
O1041,U0042,206362,2025-12-08
O1042,U0043,747003,2025-09-08
O1043,U0044,196670,2025-11-09
O1044,U0045,670269,2025-07-27
O1045,U0046,403613,2025-07-18
O1046,U0047,105013,2025-03-10
O1047,U0048,964493,2025-11-05
O1048,U0049,868642,2025-09-19
O1049,U0050,189554,2025-11-27
O1050,U0051,0,2025-04-24
O1051,U0052,536573,2025-08-24
O1052,U0053,251395,2025-07-02
O1053,U0054,1086135,2025-02-27
O1054,U0055,875217,2026-01-07
O1055,U0056,935440,2025-03-03
O1056,U0057,343999,2025-02-16
O1057,U0058,120861,2025-06-19
O1058,U0059,1090038,2025-09-04
O1059,U0060,1060587,2025-09-10
O1060,U9999,766186,2025-01-28
O1061,U0062,553835,2025-03-10
O1062,U0063,672729,2026-01-08
O1063,U0064,1059082,2025-12-27
O1064,U0065,673137,2025-03-27
O1065,U0066,793503,2025-06-27
O1066,U0067,315086,2025-12-19
O1067,U0068,954558,2025-11-23
O1068,U0069,921377,2025-02-15
O1069,U0070,603882,2025-11-23
O1070,U0071,664172,2025-10-18
O1071,U0072,815014,2025-05-12
O1072,U0073,366441,2025-10-13
O1073,U0074,593516,2025-02-27
O1074,U0075,436619,2025-10-19
O1075,U0076,0,2025-05-05
O1076,U0077,580995,2025-05-25
O1077,U0078,640388,2026-01-04
O1078,U0079,130478,2025-08-03
O1079,U0080,667962,2025-12-25
O1080,U9999,1075431,2025-06-29
O1081,U0082,107929,2025-03-17
O1082,U0083,343403,2025-05-21
O1083,U0084,1034872,2026-01-10
O1084,U0085,438350,2026-01-04
O1085,U0086,120948,2025-09-10
O1086,U0087,692357,2025-09-04
O1087,U0088,975180,2025-07-12
O1088,U0089,542482,2025-11-16
O1089,U0090,387036,2025-07-13
O1090,U0091,626760,2025-11-07
O1091,U0092,752308,2025-12-11
O1092,U0093,677562,2025-10-29
O1093,U0094,444309,2025-01-18
O1094,U0095,1068484,2025-12-26
O1095,U0096,129671,2025-01-29
O1096,U0097,552757,2025-03-13
O1097,U0098,429401,2025-04-23
O1098,U0099,1047192,2025-02-15
O1099,U0100,639351,2025-06-24
O1100,U9999,0,2025-06-21
O1101,U0102,796819,2025-06-11
O1102,U0103,324951,2025-02-23
O1103,U0104,401011,2025-02-06
O1104,U0105,143570,2025-02-19
O1105,U0106,848448,2025-06-03
O1106,U0107,635734,2025-12-23
O1107,U0108,609407,2025-11-24
O1108,U0109,744257,2025-05-09
O1109,U0110,1077868,2025-03-25
O1110,U0111,704778,2025-02-27
O1111,U0112,102531,2025-07-27
O1112,U0113,1047502,2025-10-25
O1113,U0114,1071130,2025-03-28
O1114,U0115,926216,2025-04-01
O1115,U0116,887147,2025-11-21
O1116,U0117,618272,2025-12-13
O1117,U0118,197040,2026-01-11
O1118,U0119,665370,2025-03-30
O1119,U0120,585575,2025-04-18
O1120,U9999,149295,2025-12-15
O1121,U0122,823157,2025-02-24
O1122,U0123,134009,2025-08-04
O1123,U0124,776295,2025-05-16
O1124,U0125,110791,2025-04-10
O1125,U0126,0,2025-07-05
O1126,U0127,434358,2025-02-25
O1127,U0128,851085,2025-07-04
O1128,U0129,470813,2025-03-30
O1129,U0130,586198,2025-12-13
O1130,U0131,132489,2025-07-06
O1131,U0132,937303,2025-01-24
O1132,U0133,958798,2025-04-10
O1133,U0134,342586,2025-10-16
O1134,U0135,843066,2025-08-21
O1135,U0136,1071292,2025-10-01
O1136,U0137,126313,2025-08-03
O1137,U0138,499028,2025-12-31
O1138,U0139,737672,2025-04-08
O1139,U0140,1086335,2025-10-01
O1140,U9999,281828,2025-09-28
O1141,U0142,237540,2025-05-21
O1142,U0143,848494,2025-03-22
O1143,U0144,817321,2025-09-10
O1144,U0145,162318,2025-12-31
O1145,U0146,632018,2025-07-27
O1146,U0147,117536,2025-07-15
O1147,U0148,730448,2025-03-23
O1148,U0149,987407,2025-02-12
O1149,U0150,791470,2026-01-06
O1150,U0151,0,2025-11-04
O1151,U0152,798733,2025-01-26
O1152,U0153,477348,2025-05-23
O1153,U0154,221707,2025-07-02
O1154,U0155,270117,2025-03-08
O1155,U0156,477230,2025-11-04
O1156,U0157,255046,2025-07-16
O1157,U0158,321832,2025-04-12
O1158,U0159,1048274,2025-01-23
O1159,U0160,1074929,2025-03-13
O1160,U9999,1099836,2025-10-06
O1161,U0162,232987,2025-10-11
O1162,U0163,724744,2025-04-16
O1163,U0164,823363,2025-01-20
O1164,U0165,899273,2025-10-28
O1165,U0166,245347,2025-08-31
O1166,U0167,1015173,2025-08-18
O1167,U0168,845189,2025-01-15
O1168,U0169,919732,2025-07-08
O1169,U0170,945426,2025-08-06
O1170,U0171,629543,2025-04-29
O1171,U0172,544201,2025-03-05
O1172,U0173,758918,2025-08-02
O1173,U0174,709579,2025-12-18
O1174,U0175,1021810,2025-09-19
O1175,U0176,0,2025-08-25
O1176,U0177,655250,2025-09-13
O1177,U0178,786909,2025-08-31
O1178,U0179,672034,2025-08-20
O1179,U0180,589808,2025-08-16
O1180,U9999,1094333,2025-02-21
O1181,U0182,396958,2025-11-17
O1182,U0183,325223,2026-01-09
O1183,U0184,236707,2025-01-27
O1184,U0185,108194,2025-04-18
O1185,U0186,482429,2025-12-04
O1186,U0187,370461,2025-07-31
O1187,U0188,855588,2025-09-23
O1188,U0189,352570,2025-12-19
O1189,U0190,1099047,2025-12-21
O1190,U0191,949563,2025-07-31
O1191,U0192,106533,2025-03-10
O1192,U0193,543432,2025-07-09
O1193,U0194,291300,2025-05-08
O1194,U0195,835359,2025-02-05
O1195,U0196,756945,2025-07-01
O1196,U0197,455064,2025-12-07
O1197,U0198,414997,2025-12-15
O1198,U0199,900372,2025-05-10
O1199,U0200,268688,2025-05-01
O1200,U9999,0,2025-02-02
O1201,U0202,772526,2025-11-03
O1202,U0203,607271,2025-03-11
O1203,U0204,364919,2025-07-21
O1204,U0205,584786,2025-09-26
O1205,U0206,542681,2025-09-04
O1206,U0207,195786,2025-09-16
O1207,U0208,801255,2025-07-15
O1208,U0209,815500,2025-10-02
O1209,U0210,503377,2025-03-23
O1210,U0211,797021,2025-03-18
O1211,U0212,176262,2025-07-07
O1212,U0213,513211,2025-07-09
O1213,U0214,828340,2025-06-22
O1214,U0215,892405,2025-01-22
O1215,U0216,132138,2025-08-29
O1216,U0217,780247,2025-10-12
O1217,U0218,746463,2025-05-03
O1218,U0219,325053,2025-09-26
O1219,U0220,430092,2025-02-21
O1220,U9999,752712,2025-08-21
O1221,U0222,435892,2025-12-11
O1222,U0223,823279,2025-06-26
O1223,U0224,626948,2025-12-07
O1224,U0225,810669,2026-01-03
O1225,U0226,0,2025-10-17
O1226,U0227,306389,2025-10-26
O1227,U0228,644742,2025-12-19
O1228,U0229,926057,2025-09-24
O1229,U0230,629915,2025-07-15
O1230,U0231,576771,2025-12-30
O1231,U0232,102610,2025-12-21
O1232,U0233,180045,2025-10-11
O1233,U0234,404277,2025-10-18
O1234,U0235,428323,2025-07-23
O1235,U0236,340457,2025-09-16
O1236,U0237,688781,2025-07-22
O1237,U0238,1071351,2025-04-28
O1238,U0239,668250,2026-01-05
O1239,U0240,638136,2026-01-02
O1240,U9999,344213,2025-05-31
O1241,U0242,224989,2025-05-09
O1242,U0243,291815,2025-05-05
O1243,U0244,242136,2025-02-13
O1244,U0245,995209,2025-02-23
O1245,U0246,261547,2025-02-26
O1246,U0247,946083,2025-09-30
O1247,U0248,491211,2025-08-27
O1248,U0249,357190,2025-01-22
O1249,U0250,342000,2025-04-24
O1250,U0251,0,2025-07-10
O1251,U0252,1014547,2025-09-14
O1252,U0253,407364,2025-12-01
O1253,U0254,193773,2025-02-21
O1254,U0255,434498,2025-12-20
O1255,U0256,450709,2025-10-10
O1256,U0257,536631,2025-11-07
O1257,U0258,543241,2025-11-10
O1258,U0259,588814,2025-04-25
O1259,U0260,971136,2025-07-02
O1260,U9999,1078112,2025-08-07
O1261,U0262,173533,2025-08-27
O1262,U0263,831287,2025-06-08
O1263,U0264,896129,2025-02-16
O1264,U0265,433262,2025-12-05
O1265,U0266,117179,2025-03-14
O1266,U0267,460980,2025-07-14
O1267,U0268,984346,2025-09-23
O1268,U0269,387375,2025-07-24
O1269,U0270,725028,2025-08-17
O1270,U0271,1048444,2025-10-13
O1271,U0272,138975,2025-04-09
O1272,U0273,1080789,2025-10-10
O1273,U0274,1006924,2025-09-26
O1274,U0275,907660,2026-01-12
O1275,U0276,0,2025-10-21
O1276,U0277,671103,2025-08-31
O1277,U0278,1077330,2025-06-11
O1278,U0279,848812,2025-03-04
O1279,U0280,688793,2025-12-21
O1280,U9999,566070,2025-07-20
O1281,U0282,237394,2025-04-21
O1282,U0283,420719,2025-10-26
O1283,U0284,364727,2025-06-16
O1284,U0285,831474,2025-09-23
O1285,U0286,767775,2025-02-23
O1286,U0287,563313,2025-05-19
O1287,U0288,580887,2025-07-13
O1288,U0289,179865,2025-07-22
O1289,U0290,864347,2025-12-14
O1290,U0291,1022244,2025-08-06
O1291,U0292,345714,2025-07-20
O1292,U0293,521338,2025-08-04
O1293,U0294,916515,2025-07-22
O1294,U0295,273413,2025-03-03
O1295,U0296,283159,2025-04-07
O1296,U0297,1019984,2025-12-13
O1297,U0298,405261,2025-07-24
O1298,U0299,599386,2025-05-06
O1299,U0300,877427,2025-01-14
O1300,U9999,0,2025-04-27
O1301,U0302,412503,2025-10-07
O1302,U0303,687532,2025-10-31
O1303,U0304,511309,2025-07-30
O1304,U0305,470900,2025-12-17
O1305,U0306,126222,2025-02-13
O1306,U0307,1005329,2025-02-10
O1307,U0308,247294,2025-11-21
O1308,U0309,337200,2025-04-05
O1309,U0310,1066147,2025-02-08
O1310,U0311,321492,2025-02-05
O1311,U0312,640479,2025-09-26
O1312,U0313,317107,2025-09-15
O1313,U0314,640602,2025-05-05
O1314,U0315,815453,2025-08-30
O1315,U0316,743614,2025-12-11
O1316,U0317,653591,2025-07-22
O1317,U0318,111132,2025-05-17
O1318,U0319,395718,2025-08-28
O1319,U0320,690924,2025-03-18
O1320,U9999,338247,2025-02-06
O1321,U0322,438513,2025-08-22
O1322,U0323,267867,2025-03-30
O1323,U0324,233275,2025-08-14
O1324,U0325,186496,2025-02-21
O1325,U0326,0,2025-09-28
O1326,U0327,409476,2025-05-19
O1327,U0328,656107,2025-03-30
O1328,U0329,395133,2025-08-12
O1329,U0330,238288,2025-05-28
O1330,U0331,248143,2025-05-23
O1331,U0332,641805,2025-04-05
O1332,U0333,519637,2025-09-20
O1333,U0334,973494,2025-12-15
O1334,U0335,462134,2025-01-22
O1335,U0336,252131,2025-09-07
O1336,U0337,1011900,2025-02-21
O1337,U0338,619225,2025-02-25
O1338,U0339,220179,2025-02-13
O1339,U0340,798424,2025-12-25
O1340,U9999,648417,2025-03-24
O1341,U0342,263681,2025-06-22
O1342,U0343,630332,2025-09-08
O1343,U0344,105441,2025-09-09
O1344,U0345,776012,2025-05-16
O1345,U0346,757406,2025-06-01
O1346,U0347,460159,2025-07-27
O1347,U0348,823292,2025-05-11
O1348,U0349,470946,2025-04-07
O1349,U0350,726733,2025-08-27
O1350,U0351,0,2026-01-06
O1351,U0352,1046267,2025-05-10
O1352,U0353,483848,2025-05-29
O1353,U0354,372563,2025-05-04
O1354,U0355,968953,2025-05-15
O1355,U0356,325651,2025-11-29
O1356,U0357,964399,2025-05-23
O1357,U0358,123032,2025-09-28
O1358,U0359,203545,2025-03-14
O1359,U0360,732941,2025-03-24
O1360,U9999,211256,2025-07-23
O1361,U0362,683639,2025-06-09
O1362,U0363,1085308,2025-01-30
O1363,U0364,804651,2025-09-17
O1364,U0365,815306,2025-11-04
O1365,U0366,775839,2025-09-29
O1366,U0367,832671,2025-10-28
O1367,U0368,135581,2025-07-03
O1368,U0369,146254,2025-12-02
O1369,U0370,844499,2025-12-16
O1370,U0371,1051493,2025-02-16
O1371,U0372,629832,2025-03-18
O1372,U0373,808430,2025-02-02
O1373,U0374,832617,2025-04-16
O1374,U0375,1028433,2025-04-04
O1375,U0376,0,2025-04-07
O1376,U0377,203734,2025-01-16
O1377,U0378,853193,2025-07-14
O1378,U0379,1095707,2025-06-03
O1379,U0380,970591,2025-11-03
O1380,U9999,901835,2025-04-14
O1381,U0382,452249,2025-07-19
O1382,U0383,910385,2025-07-23
O1383,U0384,567277,2025-10-16
O1384,U0385,1048331,2025-01-28
O1385,U0386,562276,2025-07-31
O1386,U0387,233845,2025-05-04
O1387,U0388,829081,2025-08-27
O1388,U0389,773431,2025-01-23
O1389,U0390,481232,2026-01-03
O1390,U0391,342375,2025-07-01
O1391,U0392,479536,2025-06-17
O1392,U0393,483900,2025-02-01
O1393,U0394,294814,2025-07-04
O1394,U0395,498097,2025-04-05
O1395,U0396,1006136,2025-02-13
O1396,U0397,1088530,2025-05-06
O1397,U0398,943403,2026-01-01
O1398,U0399,375143,2026-01-05
O1399,U0400,1051634,2025-06-09
O1400,U9999,0,2025-05-09
O1401,U0402,908925,2025-06-07
O1402,U0403,606877,2025-07-22
O1403,U0404,1017283,2025-04-12
O1404,U0405,156024,2026-01-06
O1405,U0406,831851,2025-11-16
O1406,U0407,202470,2025-06-07
O1407,U0408,122705,2025-07-05
O1408,U0409,1022260,2025-01-27
O1409,U0410,772302,2025-08-02
O1410,U0411,130169,2025-10-24
O1411,U0412,1071263,2025-08-05
O1412,U0413,483022,2025-03-11
O1413,U0414,596772,2026-01-02
O1414,U0415,695517,2025-07-10
O1415,U0416,893445,2025-01-20
O1416,U0417,364690,2025-12-02
O1417,U0418,511471,2025-11-11
O1418,U0419,1032047,2025-12-08
O1419,U0420,796540,2025-02-19
O1420,U9999,440252,2025-05-05
O1421,U0422,985521,2025-12-05
O1422,U0423,1051099,2025-10-02
O1423,U0424,345056,2025-04-02
O1424,U0425,168378,2025-03-16
O1425,U0426,0,2025-03-17
O1426,U0427,447515,2025-08-29
O1427,U0428,178643,2025-08-17
O1428,U0429,686047,2025-05-02
O1429,U0430,264805,2025-07-01
O1430,U0431,1024032,2025-11-29
O1431,U0432,678814,2025-09-25
O1432,U0433,348961,2025-04-20
O1433,U0434,365027,2025-10-29
O1434,U0435,909547,2025-09-17
O1435,U0436,1062184,2025-05-28
O1436,U0437,286600,2025-04-19
O1437,U0438,470395,2025-03-31
O1438,U0439,367003,2025-12-21
O1439,U0440,978987,2025-04-30
O1440,U9999,740634,2025-04-19
O1441,U0442,467731,2025-05-05
O1442,U0443,651242,2025-09-11
O1443,U0444,1054022,2025-10-26
O1444,U0445,585685,2025-12-06
O1445,U0446,600088,2025-05-18
O1446,U0447,596010,2025-06-27
O1447,U0448,232007,2025-10-18
O1448,U0449,162738,2025-02-01
O1449,U0450,345093,2025-03-16
O1450,U0451,0,2025-11-20
O1451,U0452,1024832,2025-12-21
O1452,U0453,677176,2025-10-16
O1453,U0454,990575,2025-10-01
O1454,U0455,457727,2025-06-07
O1455,U0456,731013,2025-10-03
O1456,U0457,705044,2025-04-28
O1457,U0458,918899,2025-04-22
O1458,U0459,340780,2025-10-11
O1459,U0460,515557,2025-02-14
O1460,U9999,917775,2025-02-05
O1461,U0462,733748,2025-09-26
O1462,U0463,186136,2025-04-24
O1463,U0464,615167,2025-05-22
O1464,U0465,962585,2025-09-16
O1465,U0466,151316,2025-07-09
O1466,U0467,642587,2025-12-27
O1467,U0468,1057031,2025-04-16
O1468,U0469,345666,2025-09-06
O1469,U0470,702309,2025-08-13
O1470,U0471,466063,2025-09-21
O1471,U0472,788611,2025-11-13
O1472,U0473,438912,2025-12-15
O1473,U0474,478639,2025-11-18
O1474,U0475,266898,2025-02-01
O1475,U0476,0,2025-02-15
O1476,U0477,469301,2025-06-02
O1477,U0478,792427,2025-10-20
O1478,U0479,165975,2025-11-30
O1479,U0480,611460,2025-04-05
O1480,U9999,957497,2025-12-12
O1481,U0482,1048877,2025-12-28
O1482,U0483,154600,2025-05-12
O1483,U0484,197357,2025-10-06
O1484,U0485,119087,2025-04-13
O1485,U0486,737149,2025-10-07
O1486,U0487,376802,2025-10-08
O1487,U0488,658463,2025-12-20
O1488,U0489,158086,2025-09-20
O1489,U0490,1008855,2025-10-16
O1490,U0491,496160,2025-02-19
O1491,U0492,760394,2025-10-28
O1492,U0493,1051993,2025-08-06
O1493,U0494,930098,2025-04-07
O1494,U0495,791178,2025-06-30
O1495,U0496,162684,2025-12-01
O1496,U0497,493994,2025-08-07
O1497,U0498,255295,2025-12-12
O1498,U0499,278225,2025-03-17
O1499,U0500,754584,2025-04-18
O1500,U9999,0,2026-01-05
