shopID,shopName,ownerUserID
1,Shop Hoang Hong Khanh,2104
2,Shop Pham Thanh Huy,7462
3,Shop Lumina Studio 3,9734
4,Shop Zestie 4,5470
5,Shop Dang Thanh Minh,1561
6,Shop Huynh Thanh Cuong,521
7,Shop Nguyen Hoang Huy,1595
8,Shop Le Hoang Cuong,7300
9,Shop Tran Nha Huy,1559
10,Shop Fashion 10,7064
11,Shop Dang Nha Binh,3973
12,Shop Zestie 12,2255
13,Shop Zestie 13,6196
14,Shop Accessories 14,1873
15,Shop Fashion 15,975
16,Shop Nguyen Hoang Minh,9626
17,Shop Dang Nha Phuc,2663
18,Shop Nguyen Thanh Phuc,1189
19,Shop Tran Trong An,8995
20,Shop Lumina Studio 20,3890
21,Shop Nguyen Thanh Minh,428
22,Shop Tran Thanh An,3418
23,Shop Fashion 23,59
24,Shop Saffron & Sage 24,3569
25,Shop Huynh Hong Phuc,6297
26,Shop Pham Trong An,4249
27,Shop Hoang Thanh Phuc,593
28,Shop Fashion 28,5732
29,Shop Nguyen Thanh Phuc,2496
30,Shop Zestie 30,1190
31,Shop Saffron & Sage 31,8200
32,Shop Saffron & Sage 32,1966
33,Shop Hoang Hong Minh,2062
34,Shop Saffron & Sage 34,2445
35,Shop Zestie 35,2319
36,Shop Hoang Nha Binh,5854
37,Shop Accessories 37,3190
38,Shop Saffron & Sage 38,8461
39,Shop Pham Nha Nam,4796
40,Shop Saffron & Sage 40,4230
41,Shop Fashion 41,5727
42,Shop Accessories 42,319
43,Shop Tran Nha Cuong,7592
44,Shop Accessories 44,7939
45,Shop Tran Hoang Phuc,5953
46,Shop Zestie 46,5955
47,Shop Fashion 47,1087
48,Shop Huynh Nha Dung,177
49,Shop Saffron & Sage 49,6968
50,Shop Zestie 50,7379
51,Shop Huynh Nha Nam,8363
52,Shop Le Hoang Dung,6935
53,Shop Pham Thanh Nam,8826
54,Shop Vo Nha An,7465
55,Shop Dang Nha Binh,5056
56,Shop Lumina Studio 56,5562
57,Shop Saffron & Sage 57,8534
58,Shop Zestie 58,7996
59,Shop Huynh Thanh Dung,8516
60,Shop Zestie 60,8230
61,Shop Tran Thanh Dung,4165
62,Shop Accessories 62,5500
63,Shop Nguyen Hong Dung,6801
64,Shop Zestie 64,1281
65,Shop Zestie 65,1364
66,Shop Lumina Studio 66,6965
67,Shop Huynh Thanh Phuc,3972
68,Shop Accessories 68,7718
69,Shop Accessories 69,5323
70,Shop Hoang Thanh Khanh,9470
71,Shop Tran Trong Nam,4191
72,Shop Lumina Studio 72,4954
73,Shop Fashion 73,4283
74,Shop Fashion 74,9769
75,Shop Accessories 75,7763
76,Shop Huynh Thanh Huy,713
77,Shop Le Thanh Long,8844
78,Shop Pham Nha Nam,7140
79,Shop Fashion 79,5441
80,Shop Accessories 80,6244
81,Shop Nguyen Hong Cuong,7068
82,Shop Huynh Thanh Phuc,2427
83,Shop Saffron & Sage 83,9351
84,Shop Nguyen Thanh Binh,8084
85,Shop Dang Thanh Nam,1161
86,Shop Pham Hong Binh,8556
87,Shop Accessories 87,5516
88,Shop Lumina Studio 88,2448
89,Shop Pham Hong Khanh,9661
90,Shop Fashion 90,3105
91,Shop Fashion 91,59
92,Shop Lumina Studio 92,64
93,Shop Lumina Studio 93,6093
94,Shop Saffron & Sage 94,2305
95,Shop Accessories 95,2233
96,Shop Nguyen Nha Cuong,4153
97,Shop Lumina Studio 97,2648
98,Shop Accessories 98,2121
99,Shop Tran Nha Phuc,3022
100,Shop Dang Hoang Phuc,1962
101,Shop Fashion 101,1354
102,Shop Accessories 102,4460
103,Shop Hoang Trong Dung,5040
104,Shop Fashion 104,7677
105,Shop Lumina Studio 105,7762
106,Shop Fashion 106,9773
107,Shop Dang Trong Cuong,9758
108,Shop Fashion 108,994
109,Shop Hoang Hoang Huy,6732
110,Shop Fashion 110,3892
111,Shop Lumina Studio 111,8261
112,Shop Fashion 112,8947
113,Shop Pham Nha Khanh,642
114,Shop Fashion 114,7468
115,Shop Pham Hong Huy,8810
116,Shop Fashion 116,2825
117,Shop Fashion 117,2664
118,Shop Lumina Studio 118,506
119,Shop Saffron & Sage 119,3289
120,Shop Saffron & Sage 120,4303
121,Shop Vo Hong Khanh,116
122,Shop Fashion 122,3995
123,Shop Saffron & Sage 123,2867
124,Shop Hoang Hoang Nam,1991
125,Shop Huynh Nha Khanh,2196
126,Shop Nguyen Hong Phuc,3681
127,Shop Lumina Studio 127,5450
128,Shop Saffron & Sage 128,6356
129,Shop Hoang Hong Huy,4837
130,Shop Huynh Thanh Nam,902
131,Shop Zestie 131,2162
132,Shop Accessories 132,3632
133,Shop Hoang Hong Phuc,8725
134,Shop Lumina Studio 134,308
135,Shop Fashion 135,6482
136,Shop Zestie 136,8395
137,Shop Tran Nha Cuong,8604
138,Shop Fashion 138,6713
139,Shop Zestie 139,9273
140,Shop Fashion 140,2521
141,Shop Accessories 141,6545
142,Shop Fashion 142,1882
143,Shop Lumina Studio 143,5331
144,Shop Saffron & Sage 144,4870
145,Shop Saffron & Sage 145,5835
146,Shop Dang Thanh Nam,2562
147,Shop Dang Hong Dung,9752
148,Shop Lumina Studio 148,999
149,Shop Lumina Studio 149,5397
150,Shop Saffron & Sage 150,9162
151,Shop Lumina Studio 151,7736
152,Shop Vo Nha Khanh,6211
153,Shop Lumina Studio 153,6218
154,Shop Lumina Studio 154,5204
155,Shop Lumina Studio 155,481
156,Shop Zestie 156,2124
157,Shop Tran Trong Minh,5595
158,Shop Tran Hoang Khanh,5228
159,Shop Zestie 159,3268
160,Shop Hoang Hong Minh,1969
161,Shop Le Thanh An,4959
162,Shop Saffron & Sage 162,2363
163,Shop Fashion 163,5948
164,Shop Nguyen Hong An,3432
165,Shop Zestie 165,5856
166,Shop Zestie 166,9480
167,Shop Huynh Hoang Dung,4971
168,Shop Huynh Thanh Khanh,6770
169,Shop Accessories 169,3271
170,Shop Dang Thanh Dung,7639
171,Shop Zestie 171,4129
172,Shop Pham Hoang Dung,4742
173,Shop Saffron & Sage 173,6313
174,Shop Hoang Nha Nam,390
175,Shop Zestie 175,1728
176,Shop Dang Thanh Dung,179
177,Shop Saffron & Sage 177,4469
178,Shop Vo Thanh Khanh,5083
179,Shop Fashion 179,2420
180,Shop Huynh Nha Minh,2877
181,Shop Fashion 181,5509
182,Shop Vo Thanh Nam,4465
183,Shop Dang Hong Minh,3332
184,Shop Huynh Nha Huy,5752
185,Shop Saffron & Sage 185,6611
186,Shop Zestie 186,9836
187,Shop Zestie 187,8552
188,Shop Pham Nha Dung,2807
189,Shop Hoang Hong Nam,5223
190,Shop Accessories 190,1660
191,Shop Accessories 191,931
192,Shop Huynh Nha Phuc,6352
193,Shop Accessories 193,7037
194,Shop Lumina Studio 194,4072
195,Shop Saffron & Sage 195,4360
196,Shop Fashion 196,6619
197,Shop Saffron & Sage 197,6580
198,Shop Accessories 198,4914
199,Shop Huynh Hoang Dung,7110
200,Shop Zestie 200,8948
201,Shop Accessories 201,7143
202,Shop Tran Hong Cuong,8673
203,Shop Hoang Trong Phuc,2626
204,Shop Nguyen Hong Nam,3348
205,Shop Tran Trong Long,6897
206,Shop Fashion 206,3737
207,Shop Hoang Thanh An,2851
208,Shop Le Hoang Binh,731
209,Shop Vo Hong Huy,1348
210,Shop Dang Thanh Nam,385
211,Shop Hoang Trong Nam,6025
212,Shop Nguyen Hoang Khanh,1277
213,Shop Zestie 213,3733
214,Shop Zestie 214,4035
215,Shop Saffron & Sage 215,7914
216,Shop Saffron & Sage 216,9338
217,Shop Huynh Thanh Minh,9148
218,Shop Vo Trong Phuc,8067
219,Shop Fashion 219,4015
220,Shop Dang Nha Dung,6773
221,Shop Pham Thanh Phuc,6264
222,Shop Vo Thanh Cuong,7705
223,Shop Saffron & Sage 223,3434
224,Shop Lumina Studio 224,954
225,Shop Lumina Studio 225,9707
226,Shop Lumina Studio 226,914
227,Shop Nguyen Thanh Khanh,3520
228,Shop Vo Hoang Dung,7417
229,Shop Tran Hong Cuong,6319
230,Shop Vo Thanh Minh,8726
231,Shop Tran Nha Nam,419
232,Shop Vo Hoang Dung,9744
233,Shop Hoang Trong Binh,7656
234,Shop Dang Hoang Cuong,3089
235,Shop Fashion 235,33
236,Shop Accessories 236,6206
237,Shop Accessories 237,990
238,Shop Saffron & Sage 238,1772
239,Shop Pham Nha Huy,5450
240,Shop Lumina Studio 240,7868
241,Shop Tran Trong Binh,752
242,Shop Tran Hong Huy,3256
243,Shop Dang Hong Phuc,5125
244,Shop Dang Hong Binh,2819
245,Shop Zestie 245,563
246,Shop Pham Trong Huy,2949
247,Shop Hoang Trong Phuc,5319
248,Shop Huynh Trong Long,3141
249,Shop Pham Hoang Phuc,5592
250,Shop Saffron & Sage 250,7314
251,Shop Lumina Studio 251,1701
252,Shop Fashion 252,7992
253,Shop Saffron & Sage 253,3894
254,Shop Le Trong Huy,4450
255,Shop Zestie 255,3485
256,Shop Tran Hoang Huy,7469
257,Shop Tran Thanh An,5643
258,Shop Zestie 258,1059
259,Shop Tran Hong Huy,589
260,Shop Lumina Studio 260,4227
261,Shop Le Thanh Phuc,5060
262,Shop Saffron & Sage 262,258
263,Shop Accessories 263,161
264,Shop Lumina Studio 264,3418
265,Shop Accessories 265,6557
266,Shop Saffron & Sage 266,1215
267,Shop Lumina Studio 267,6251
268,Shop Lumina Studio 268,3129
269,Shop Dang Thanh Long,2243
270,Shop Zestie 270,8001
271,Shop Lumina Studio 271,1039
272,Shop Fashion 272,2859
273,Shop Dang Nha Dung,6773
274,Shop Accessories 274,5570
275,Shop Zestie 275,7523
276,Shop Fashion 276,6093
277,Shop Hoang Thanh Long,8222
278,Shop Dang Hong An,6233
279,Shop Saffron & Sage 279,9608
280,Shop Fashion 280,2744
281,Shop Lumina Studio 281,7404
282,Shop Vo Hong Khanh,7815
283,Shop Lumina Studio 283,3058
284,Shop Zestie 284,2882
285,Shop Fashion 285,6301
286,Shop Pham Nha Huy,6590
287,Shop Fashion 287,6562
288,Shop Accessories 288,4074
289,Shop Lumina Studio 289,2376
290,Shop Nguyen Thanh Long,6059
291,Shop Lumina Studio 291,8315
292,Shop Hoang Trong An,953
293,Shop Fashion 293,3708
294,Shop Zestie 294,8517
295,Shop Accessories 295,7319
296,Shop Tran Trong Nam,6738
297,Shop Zestie 297,9417
298,Shop Pham Trong Long,8741
299,Shop Saffron & Sage 299,3897
300,Shop Nguyen Nha Long,1396
301,Shop Hoang Hong Cuong,4753
302,Shop Zestie 302,8834
303,Shop Pham Nha Dung,4326
304,Shop Fashion 304,5312
305,Shop Saffron & Sage 305,8303
306,Shop Hoang Nha An,3543
307,Shop Saffron & Sage 307,6848
308,Shop Lumina Studio 308,3850
309,Shop Huynh Thanh Cuong,766
310,Shop Nguyen Hong Phuc,4101
311,Shop Fashion 311,8134
312,Shop Vo Nha Cuong,3713
313,Shop Dang Thanh Cuong,9987
314,Shop Zestie 314,4605
315,Shop Tran Hong Minh,4989
316,Shop Zestie 316,9795
317,Shop Nguyen Thanh Nam,5024
318,Shop Accessories 318,5371
319,Shop Accessories 319,5533
320,Shop Nguyen Hong An,9635
321,Shop Vo Hong Nam,4521
322,Shop Zestie 322,2355
323,Shop Zestie 323,9015
324,Shop Saffron & Sage 324,327
325,Shop Le Hoang Cuong,9025
326,Shop Tran Nha Cuong,3029
327,Shop Vo Thanh Long,9638
328,Shop Saffron & Sage 328,1974
329,Shop Pham Thanh Minh,5545
330,Shop Lumina Studio 330,9501
331,Shop Hoang Hoang Dung,9628
332,Shop Huynh Nha Minh,8754
333,Shop Zestie 333,1865
334,Shop Nguyen Hong Huy,1643
335,Shop Hoang Trong Binh,4869
336,Shop Fashion 336,4533
337,Shop Hoang Hoang Cuong,446
338,Shop Saffron & Sage 338,8626
339,Shop Saffron & Sage 339,4453
340,Shop Lumina Studio 340,2966
341,Shop Saffron & Sage 341,488
342,Shop Saffron & Sage 342,6851
343,Shop Lumina Studio 343,7826
344,Shop Nguyen Nha Dung,9311
345,Shop Pham Hong Huy,4141
346,Shop Saffron & Sage 346,700
347,Shop Vo Nha Long,120
348,Shop Fashion 348,488
349,Shop Lumina Studio 349,2121
350,Shop Fashion 350,6417
351,Shop Tran Hong Nam,8142
352,Shop Lumina Studio 352,6606
353,Shop Le Nha Minh,7924
354,Shop Zestie 354,2320
355,Shop Tran Thanh Minh,5093
356,Shop Hoang Nha Dung,6536
357,Shop Accessories 357,2243
358,Shop Saffron & Sage 358,6962
359,Shop Saffron & Sage 359,9392
360,Shop Nguyen Nha Minh,6286
361,Shop Hoang Hoang Dung,8558
362,Shop Fashion 362,3749
363,Shop Lumina Studio 363,9637
364,Shop Fashion 364,6185
365,Shop Lumina Studio 365,1437
366,Shop Dang Hoang Cuong,6749
367,Shop Zestie 367,9321
368,Shop Accessories 368,5894
369,Shop Huynh Nha Dung,5639
370,Shop Nguyen Nha Khanh,8575
371,Shop Zestie 371,8322
372,Shop Fashion 372,486
373,Shop Tran Hong Cuong,6507
374,Shop Tran Hong Binh,3792
375,Shop Fashion 375,6326
376,Shop Accessories 376,4991
377,Shop Huynh Trong Long,9119
378,Shop Fashion 378,8737
379,Shop Huynh Trong Nam,3903
380,Shop Lumina Studio 380,780
381,Shop Saffron & Sage 381,4938
382,Shop Hoang Hoang Huy,7571
383,Shop Accessories 383,9988
384,Shop Zestie 384,7453
385,Shop Dang Hong Dung,9752
386,Shop Le Nha Dung,6068
387,Shop Vo Trong Huy,7010
388,Shop Fashion 388,1217
389,Shop Pham Thanh Cuong,4142
390,Shop Huynh Hong An,7437
391,Shop Hoang Hong Phuc,2895
392,Shop Fashion 392,4910
393,Shop Nguyen Nha Cuong,675
394,Shop Pham Thanh Dung,3761
395,Shop Saffron & Sage 395,8916
396,Shop Dang Thanh Phuc,1152
397,Shop Accessories 397,8647
398,Shop Zestie 398,5590
399,Shop Pham Thanh Dung,6147
400,Shop Zestie 400,7906
401,Shop Lumina Studio 401,1735
402,Shop Fashion 402,1250
403,Shop Pham Thanh Nam,4394
404,Shop Nguyen Thanh Huy,6229
405,Shop Fashion 405,1602
406,Shop Tran Nha Long,9501
407,Shop Le Nha Long,6893
408,Shop Accessories 408,3162
409,Shop Accessories 409,645
410,Shop Fashion 410,7397
411,Shop Dang Hong Nam,2045
412,Shop Pham Trong Khanh,2001
413,Shop Zestie 413,2033
414,Shop Huynh Thanh Cuong,6958
415,Shop Lumina Studio 415,9636
416,Shop Accessories 416,4078
417,Shop Le Hong Cuong,9363
418,Shop Pham Hong Nam,6520
419,Shop Saffron & Sage 419,6454
420,Shop Saffron & Sage 420,2441
421,Shop Pham Nha An,2375
422,Shop Zestie 422,8218
423,Shop Fashion 423,2462
424,Shop Accessories 424,4942
425,Shop Saffron & Sage 425,7387
426,Shop Nguyen Thanh Huy,4209
427,Shop Vo Nha Nam,4693
428,Shop Hoang Thanh Khanh,8503
429,Shop Saffron & Sage 429,5000
430,Shop Pham Nha Long,9235
431,Shop Hoang Hoang Nam,8359
432,Shop Tran Thanh An,4705
433,Shop Accessories 433,8352
434,Shop Accessories 434,850
435,Shop Le Thanh Cuong,9578
436,Shop Zestie 436,4874
437,Shop Vo Trong Binh,9828
438,Shop Lumina Studio 438,6123
439,Shop Lumina Studio 439,8289
440,Shop Lumina Studio 440,4273
441,Shop Accessories 441,7572
442,Shop Hoang Thanh Minh,8020
443,Shop Dang Thanh Binh,4373
444,Shop Fashion 444,173
445,Shop Lumina Studio 445,6965
446,Shop Pham Thanh Khanh,450
447,Shop Vo Trong Khanh,2882
448,Shop Lumina Studio 448,7360
449,Shop Fashion 449,3345
450,Shop Hoang Trong Nam,6025
451,Shop Saffron & Sage 451,1586
452,Shop Saffron & Sage 452,5648
453,Shop Zestie 453,133
454,Shop Vo Nha Binh,8389
455,Shop Nguyen Thanh Khanh,77
456,Shop Vo Nha Cuong,7303
457,Shop Accessories 457,343
458,Shop Nguyen Nha Dung,5865
459,Shop Lumina Studio 459,2574
460,Shop Hoang Nha Nam,3163
461,Shop Lumina Studio 461,762
462,Shop Le Hong An,5999
463,Shop Vo Thanh Dung,2089
464,Shop Zestie 464,1833
465,Shop Hoang Hong Huy,866
466,Shop Pham Hoang Huy,6843
467,Shop Le Trong Huy,7446
468,Shop Vo Hoang Minh,2720
469,Shop Lumina Studio 469,5670
470,Shop Saffron & Sage 470,2050
471,Shop Le Thanh An,833
472,Shop Lumina Studio 472,9432
473,Shop Vo Hong Phuc,5628
474,Shop Fashion 474,2363
475,Shop Zestie 475,6650
476,Shop Nguyen Thanh Phuc,8396
477,Shop Accessories 477,2195
478,Shop Zestie 478,8152
479,Shop Accessories 479,9754
480,Shop Lumina Studio 480,6797
481,Shop Accessories 481,3376
482,Shop Le Hong Long,8034
483,Shop Hoang Hoang Minh,1720
484,Shop Accessories 484,9965
485,Shop Nguyen Hong An,3921
486,Shop Hoang Trong Minh,4791
487,Shop Pham Trong Huy,3964
488,Shop Saffron & Sage 488,8865
489,Shop Fashion 489,5714
490,Shop Accessories 490,4392
491,Shop Pham Trong Long,7521
492,Shop Tran Trong Khanh,7875
493,Shop Fashion 493,2147
494,Shop Lumina Studio 494,9172
495,Shop Lumina Studio 495,6085
496,Shop Saffron & Sage 496,5263
497,Shop Vo Hong Nam,2898
498,Shop Le Hong Huy,6957
499,Shop Vo Thanh Nam,1141
500,Shop Fashion 500,8942
501,Shop Fashion 501,3102
502,Shop Zestie 502,3880
503,Shop Lumina Studio 503,907
504,Shop Vo Thanh Cuong,7745
505,Shop Zestie 505,1405
506,Shop Dang Hong Nam,5369
507,Shop Zestie 507,4238
508,Shop Zestie 508,1015
509,Shop Zestie 509,7680
510,Shop Hoang Thanh Binh,9773
511,Shop Fashion 511,909
512,Shop Lumina Studio 512,9482
513,Shop Vo Nha Phuc,4325
514,Shop Fashion 514,1820
515,Shop Accessories 515,428
516,Shop Vo Trong Long,2192
517,Shop Accessories 517,5477
518,Shop Accessories 518,393
519,Shop Accessories 519,2624
520,Shop Pham Nha Long,4964
521,Shop Lumina Studio 521,4209
522,Shop Fashion 522,1929
523,Shop Zestie 523,575
524,Shop Zestie 524,346
525,Shop Tran Thanh Khanh,5303
526,Shop Saffron & Sage 526,8581
527,Shop Fashion 527,6083
528,Shop Fashion 528,3446
529,Shop Dang Trong Long,1803
530,Shop Saffron & Sage 530,5276
531,Shop Accessories 531,1575
532,Shop Accessories 532,8719
533,Shop Hoang Thanh Nam,8164
534,Shop Vo Thanh Binh,1701
535,Shop Zestie 535,9972
536,Shop Le Hoang An,3498
537,Shop Fashion 537,3105
538,Shop Accessories 538,2820
539,Shop Vo Trong Long,8251
540,Shop Lumina Studio 540,4346
541,Shop Saffron & Sage 541,1654
542,Shop Fashion 542,5923
543,Shop Huynh Hoang Phuc,4486
544,Shop Le Thanh Khanh,7561
545,Shop Saffron & Sage 545,8749
546,Shop Dang Hong Cuong,6254
547,Shop Le Nha Dung,3303
548,Shop Zestie 548,7220
549,Shop Zestie 549,172
550,Shop Lumina Studio 550,2492
551,Shop Lumina Studio 551,5908
552,Shop Lumina Studio 552,896
553,Shop Vo Hong Cuong,1982
554,Shop Vo Hoang Phuc,7731
555,Shop Saffron & Sage 555,7803
556,Shop Lumina Studio 556,1281
557,Shop Lumina Studio 557,5204
558,Shop Zestie 558,2001
559,Shop Zestie 559,7724
560,Shop Saffron & Sage 560,8355
561,Shop Dang Thanh Dung,3850
562,Shop Lumina Studio 562,9445
563,Shop Accessories 563,3215
564,Shop Lumina Studio 564,1993
565,Shop Huynh Nha Binh,7856
566,Shop Lumina Studio 566,2514
567,Shop Vo Hong Long,2059
568,Shop Vo Thanh Minh,3664
569,Shop Lumina Studio 569,2522
570,Shop Fashion 570,4155
571,Shop Fashion 571,300
572,Shop Zestie 572,7218
573,Shop Accessories 573,8884
574,Shop Vo Hoang Khanh,5435
575,Shop Fashion 575,5738
576,Shop Accessories 576,201
577,Shop Le Hong Phuc,4896
578,Shop Accessories 578,2227
579,Shop Accessories 579,6039
580,Shop Accessories 580,3341
581,Shop Hoang Thanh An,9523
582,Shop Hoang Nha Minh,1949
583,Shop Fashion 583,1830
584,Shop Nguyen Trong Dung,1787
585,Shop Vo Trong Binh,4957
586,Shop Saffron & Sage 586,7495
587,Shop Fashion 587,3060
588,Shop Saffron & Sage 588,9756
589,Shop Hoang Hong Dung,6497
590,Shop Le Trong An,7161
591,Shop Dang Hoang Huy,3212
592,Shop Dang Trong Long,7410
593,Shop Accessories 593,5585
594,Shop Vo Nha Nam,5742
595,Shop Fashion 595,8030
596,Shop Tran Hong Huy,4339
597,Shop Zestie 597,969
598,Shop Accessories 598,653
599,Shop Hoang Hong Cuong,7709
600,Shop Fashion 600,9403
601,Shop Pham Nha Phuc,4919
602,Shop Huynh Thanh Minh,7459
603,Shop Fashion 603,557
604,Shop Le Trong Khanh,1198
605,Shop Tran Nha Phuc,8098
606,Shop Vo Hoang Dung,2703
607,Shop Vo Trong Dung,8253
608,Shop Tran Hoang Cuong,129
609,Shop Saffron & Sage 609,5001
610,Shop Zestie 610,6684
611,Shop Lumina Studio 611,3855
612,Shop Accessories 612,4685
613,Shop Fashion 613,2900
614,Shop Zestie 614,7
615,Shop Dang Trong Nam,6626
616,Shop Fashion 616,7404
617,Shop Accessories 617,259
618,Shop Fashion 618,8661
619,Shop Zestie 619,7080
620,Shop Le Hong An,8653
621,Shop Accessories 621,5296
622,Shop Saffron & Sage 622,8965
623,Shop Le Thanh An,5688
624,Shop Zestie 624,5361
625,Shop Saffron & Sage 625,9911
626,Shop Saffron & Sage 626,9312
627,Shop Nguyen Trong Long,5522
628,Shop Zestie 628,9114
629,Shop Zestie 629,1626
630,Shop Vo Thanh Long,5933
631,Shop Pham Trong Dung,155
632,Shop Lumina Studio 632,7778
633,Shop Saffron & Sage 633,1141
634,Shop Dang Thanh Dung,3137
635,Shop Lumina Studio 635,5541
636,Shop Fashion 636,9096
637,Shop Nguyen Hoang Binh,9210
638,Shop Fashion 638,3398
639,Shop Huynh Hong Cuong,7430
640,Shop Saffron & Sage 640,9209
641,Shop Accessories 641,3670
642,Shop Zestie 642,4711
643,Shop Zestie 643,9490
644,Shop Fashion 644,1073
645,Shop Saffron & Sage 645,7504
646,Shop Saffron & Sage 646,4534
647,Shop Zestie 647,6282
648,Shop Zestie 648,6387
649,Shop Dang Nha Dung,7218
650,Shop Saffron & Sage 650,2411
651,Shop Dang Trong Dung,4528
652,Shop Saffron & Sage 652,4679
653,Shop Dang Trong Huy,3644
654,Shop Fashion 654,4610
655,Shop Tran Thanh An,4705
656,Shop Nguyen Thanh Khanh,9443
657,Shop Zestie 657,6755
658,Shop Zestie 658,4432
659,Shop Zestie 659,4274
660,Shop Fashion 660,840
661,Shop Tran Nha Long,4586
662,Shop Accessories 662,8404
663,Shop Le Thanh Phuc,2722
664,Shop Le Thanh Nam,2075
665,Shop Fashion 665,9857
666,Shop Lumina Studio 666,3872
667,Shop Nguyen Thanh Dung,5763
668,Shop Hoang Hong Long,6002
669,Shop Fashion 669,3310
670,Shop Le Trong Huy,7691
671,Shop Huynh Thanh Dung,8516
672,Shop Pham Trong An,5291
673,Shop Accessories 673,4505
674,Shop Saffron & Sage 674,2087
675,Shop Lumina Studio 675,5270
676,Shop Vo Thanh Nam,3108
677,Shop Le Trong Phuc,8237
678,Shop Pham Thanh Cuong,4627
679,Shop Vo Thanh Nam,4035
680,Shop Zestie 680,8142
681,Shop Saffron & Sage 681,7393
682,Shop Huynh Hong Long,2837
683,Shop Dang Hong Huy,7045
684,Shop Zestie 684,9918
685,Shop Fashion 685,2644
686,Shop Saffron & Sage 686,2392
687,Shop Lumina Studio 687,993
688,Shop Hoang Hoang Nam,5020
689,Shop Saffron & Sage 689,6499
690,Shop Fashion 690,8733
691,Shop Le Nha Binh,1747
692,Shop Lumina Studio 692,3327
693,Shop Zestie 693,4709
694,Shop Saffron & Sage 694,8428
695,Shop Accessories 695,4392
696,Shop Huynh Hong Binh,9973
697,Shop Fashion 697,5080
698,Shop Pham Nha Long,2880
699,Shop Le Hong Nam,1262
700,Shop Lumina Studio 700,4271
701,Shop Pham Trong An,1887
702,Shop Nguyen Trong Nam,9066
703,Shop Dang Nha Nam,3775
704,Shop Lumina Studio 704,7602
705,Shop Zestie 705,8772
706,Shop Fashion 706,1703
707,Shop Fashion 707,8564
708,Shop Dang Thanh Binh,4396
709,Shop Saffron & Sage 709,5324
710,Shop Saffron & Sage 710,9225
711,Shop Accessories 711,7793
712,Shop Pham Thanh Binh,4129
713,Shop Vo Nha Khanh,959
714,Shop Dang Hoang Dung,4799
715,Shop Fashion 715,3322
716,Shop Accessories 716,8277
717,Shop Fashion 717,911
718,Shop Saffron & Sage 718,7638
719,Shop Accessories 719,6303
720,Shop Saffron & Sage 720,2583
721,Shop Saffron & Sage 721,4132
722,Shop Zestie 722,2615
723,Shop Saffron & Sage 723,322
724,Shop Tran Hoang Phuc,8651
725,Shop Fashion 725,3748
726,Shop Dang Hong Phuc,9150
727,Shop Le Trong Khanh,4428
728,Shop Saffron & Sage 728,7707
729,Shop Huynh Hong Minh,4859
730,Shop Le Trong Binh,1359
731,Shop Lumina Studio 731,100
732,Shop Hoang Nha Nam,5195
733,Shop Nguyen Hong Nam,3637
734,Shop Vo Hoang Khanh,1447
735,Shop Saffron & Sage 735,8079
736,Shop Zestie 736,3756
737,Shop Pham Hong Cuong,6606
738,Shop Accessories 738,9759
739,Shop Zestie 739,3907
740,Shop Hoang Trong Minh,4915
741,Shop Pham Trong Cuong,5408
742,Shop Lumina Studio 742,120
743,Shop Fashion 743,7193
744,Shop Vo Nha Binh,5410
745,Shop Tran Nha An,5980
746,Shop Tran Hoang Cuong,458
747,Shop Saffron & Sage 747,8625
748,Shop Le Trong Phuc,8237
749,Shop Vo Hong Long,6667
750,Shop Saffron & Sage 750,4105
751,Shop Zestie 751,3239
752,Shop Lumina Studio 752,6087
753,Shop Fashion 753,6197
754,Shop Hoang Hong Minh,6739
755,Shop Fashion 755,1718
756,Shop Dang Hoang Khanh,7785
757,Shop Dang Hoang Huy,2521
758,Shop Lumina Studio 758,5121
759,Shop Saffron & Sage 759,4856
760,Shop Lumina Studio 760,6423
761,Shop Le Hong Dung,7374
762,Shop Zestie 762,2615
763,Shop Saffron & Sage 763,1999
764,Shop Zestie 764,5182
765,Shop Saffron & Sage 765,7271
766,Shop Zestie 766,1827
767,Shop Accessories 767,4770
768,Shop Zestie 768,7295
769,Shop Accessories 769,3601
770,Shop Nguyen Hoang An,757
771,Shop Lumina Studio 771,6801
772,Shop Pham Hoang Long,4716
773,Shop Vo Hong Huy,5373
774,Shop Zestie 774,3083
775,Shop Dang Trong Huy,8418
776,Shop Huynh Nha Dung,8283
777,Shop Accessories 777,3406
778,Shop Dang Thanh Minh,7681
779,Shop Zestie 779,7820
780,Shop Zestie 780,6543
781,Shop Huynh Trong Dung,1810
782,Shop Accessories 782,2466
783,Shop Saffron & Sage 783,3381
784,Shop Saffron & Sage 784,7194
785,Shop Zestie 785,8698
786,Shop Pham Hong Phuc,6155
787,Shop Saffron & Sage 787,4998
788,Shop Hoang Trong Binh,8746
789,Shop Saffron & Sage 789,1327
790,Shop Saffron & Sage 790,2259
791,Shop Fashion 791,8615
792,Shop Huynh Trong Minh,4022
793,Shop Saffron & Sage 793,4265
794,Shop Saffron & Sage 794,9663
795,Shop Dang Trong An,7205
796,Shop Zestie 796,8454
797,Shop Saffron & Sage 797,201
798,Shop Huynh Hong Dung,8149
799,Shop Lumina Studio 799,7278
800,Shop Huynh Hoang Nam,5652
801,Shop Saffron & Sage 801,2597
802,Shop Zestie 802,6073
803,Shop Saffron & Sage 803,461
804,Shop Vo Hoang Khanh,5802
805,Shop Fashion 805,8336
806,Shop Lumina Studio 806,1562
807,Shop Lumina Studio 807,4624
808,Shop Saffron & Sage 808,5968
809,Shop Zestie 809,2348
810,Shop Zestie 810,8869
811,Shop Fashion 811,6205
812,Shop Tran Hong Huy,2409
813,Shop Accessories 813,1130
814,Shop Hoang Trong Dung,3753
815,Shop Accessories 815,3976
816,Shop Lumina Studio 816,6297
817,Shop Tran Nha Phuc,5946
818,Shop Saffron & Sage 818,9805
819,Shop Pham Thanh An,940
820,Shop Le Thanh Nam,5928
821,Shop Lumina Studio 821,5848
822,Shop Zestie 822,4325
823,Shop Accessories 823,5473
824,Shop Saffron & Sage 824,5051
825,Shop Huynh Hoang Binh,5672
826,Shop Le Nha Minh,7924
827,Shop Lumina Studio 827,8864
828,Shop Zestie 828,4814
829,Shop Accessories 829,2072
830,Shop Accessories 830,2798
831,Shop Dang Hong Huy,4879
832,Shop Fashion 832,2481
833,Shop Dang Hong Phuc,5125
834,Shop Saffron & Sage 834,5558
835,Shop Pham Hoang Huy,6843
836,Shop Saffron & Sage 836,9543
837,Shop Huynh Thanh Minh,1972
838,Shop Nguyen Hong Nam,859
839,Shop Accessories 839,832
840,Shop Lumina Studio 840,4287
841,Shop Saffron & Sage 841,4343
842,Shop Zestie 842,6698
843,Shop Huynh Hoang An,6929
844,Shop Nguyen Hong Dung,691
845,Shop Le Nha Binh,1747
846,Shop Lumina Studio 846,8097
847,Shop Lumina Studio 847,1029
848,Shop Zestie 848,7633
849,Shop Fashion 849,3805
850,Shop Lumina Studio 850,2551
851,Shop Lumina Studio 851,4977
852,Shop Hoang Thanh Long,8119
853,Shop Dang Hoang An,2304
854,Shop Saffron & Sage 854,6839
855,Shop Fashion 855,6773
856,Shop Zestie 856,701
857,Shop Accessories 857,6403
858,Shop Accessories 858,4786
859,Shop Lumina Studio 859,5150
860,Shop Accessories 860,6453
861,Shop Vo Nha Khanh,2052
862,Shop Accessories 862,7683
863,Shop Nguyen Hong Nam,4154
864,Shop Fashion 864,146
865,Shop Lumina Studio 865,9043
866,Shop Zestie 866,5120
867,Shop Accessories 867,3882
868,Shop Vo Hoang Minh,9392
869,Shop Fashion 869,7385
870,Shop Fashion 870,2262
871,Shop Zestie 871,5435
872,Shop Saffron & Sage 872,9356
873,Shop Huynh Hoang Minh,7787
874,Shop Zestie 874,6853
875,Shop Fashion 875,4306
876,Shop Zestie 876,1402
877,Shop Fashion 877,1684
878,Shop Pham Nha An,1710
879,Shop Lumina Studio 879,6792
880,Shop Accessories 880,9176
881,Shop Accessories 881,1639
882,Shop Zestie 882,6217
883,Shop Vo Trong Phuc,1061
884,Shop Nguyen Nha Huy,786
885,Shop Lumina Studio 885,433
886,Shop Lumina Studio 886,1144
887,Shop Zestie 887,5033
888,Shop Lumina Studio 888,1959
889,Shop Dang Hong Cuong,7654
890,Shop Zestie 890,4416
891,Shop Hoang Nha Dung,6119
892,Shop Saffron & Sage 892,6278
893,Shop Fashion 893,4791
894,Shop Accessories 894,1157
895,Shop Huynh Hoang Cuong,8107
896,Shop Accessories 896,986
897,Shop Pham Hoang Huy,3294
898,Shop Zestie 898,8452
899,Shop Hoang Thanh Cuong,6538
900,Shop Hoang Trong Khanh,1667
901,Shop Saffron & Sage 901,230
902,Shop Saffron & Sage 902,2898
903,Shop Saffron & Sage 903,8557
904,Shop Lumina Studio 904,6760
905,Shop Lumina Studio 905,9266
906,Shop Hoang Hong Huy,8935
907,Shop Lumina Studio 907,2055
908,Shop Fashion 908,2063
909,Shop Huynh Trong Minh,1987
910,Shop Pham Thanh Khanh,3222
911,Shop Saffron & Sage 911,4423
912,Shop Dang Thanh Cuong,2082
913,Shop Vo Hoang Minh,3474
914,Shop Fashion 914,1704
915,Shop Fashion 915,8145
916,Shop Zestie 916,2087
917,Shop Fashion 917,5020
918,Shop Saffron & Sage 918,6413
919,Shop Lumina Studio 919,1151
920,Shop Huynh Nha Phuc,3151
921,Shop Saffron & Sage 921,618
922,Shop Fashion 922,7996
923,Shop Accessories 923,3134
924,Shop Hoang Thanh Binh,1687
925,Shop Hoang Nha An,8713
926,Shop Zestie 926,8212
927,Shop Huynh Trong Nam,1492
928,Shop Zestie 928,3810
929,Shop Pham Hoang Phuc,2167
930,Shop Huynh Nha An,896
931,Shop Nguyen Nha Dung,5606
932,Shop Huynh Nha Dung,4274
933,Shop Saffron & Sage 933,1525
934,Shop Saffron & Sage 934,7010
935,Shop Hoang Nha Phuc,1726
936,Shop Tran Hoang Cuong,5423
937,Shop Tran Trong Binh,5426
938,Shop Lumina Studio 938,9083
939,Shop Zestie 939,2518
940,Shop Pham Trong Khanh,7562
941,Shop Huynh Hoang Nam,2761
942,Shop Pham Hong Nam,6520
943,Shop Lumina Studio 943,6261
944,Shop Hoang Hong Minh,1272
945,Shop Dang Trong Binh,9844
946,Shop Zestie 946,6530
947,Shop Saffron & Sage 947,2963
948,Shop Le Trong Minh,6388
949,Shop Dang Thanh Long,2243
950,Shop Saffron & Sage 950,5484
951,Shop Nguyen Trong Binh,1796
952,Shop Dang Trong Huy,9360
953,Shop Zestie 953,9936
954,Shop Lumina Studio 954,2140
955,Shop Fashion 955,1578
956,Shop Zestie 956,1083
957,Shop Le Thanh Long,8844
958,Shop Zestie 958,6084
959,Shop Accessories 959,3885
960,Shop Saffron & Sage 960,7038
961,Shop Accessories 961,4861
962,Shop Pham Hong Long,1892
963,Shop Accessories 963,2000
964,Shop Huynh Hong An,2963
965,Shop Fashion 965,8997
966,Shop Huynh Hoang Long,6298
967,Shop Fashion 967,4287
968,Shop Saffron & Sage 968,5351
969,Shop Pham Trong Minh,319
970,Shop Dang Thanh Nam,4198
971,Shop Tran Hoang Nam,1807
972,Shop Tran Hoang Long,9435
973,Shop Accessories 973,7456
974,Shop Nguyen Nha Huy,5995
975,Shop Huynh Hoang Minh,7787
976,Shop Fashion 976,8001
977,Shop Saffron & Sage 977,2119
978,Shop Saffron & Sage 978,107
979,Shop Dang Hong Cuong,3257
980,Shop Zestie 980,2082
981,Shop Zestie 981,3129
982,Shop Zestie 982,7205
983,Shop Saffron & Sage 983,1995
984,Shop Tran Hong Khanh,7042
985,Shop Nguyen Thanh An,577
986,Shop Accessories 986,9512
987,Shop Zestie 987,168
988,Shop Saffron & Sage 988,1969
989,Shop Zestie 989,3706
990,Shop Tran Thanh Cuong,5825
991,Shop Accessories 991,2820
992,Shop Fashion 992,5734
993,Shop Saffron & Sage 993,8913
994,Shop Lumina Studio 994,5348
995,Shop Le Thanh Binh,6334
996,Shop Lumina Studio 996,6287
997,Shop Lumina Studio 997,9685
998,Shop Saffron & Sage 998,6410
999,Shop Saffron & Sage 999,6229
1000,Shop Dang Hoang Dung,1891
1001,Shop Fashion 1001,8118
1002,Shop Saffron & Sage 1002,8146
1003,Shop Accessories 1003,4637
1004,Shop Zestie 1004,6154
1005,Shop Fashion 1005,6980
1006,Shop Lumina Studio 1006,5276
1007,Shop Saffron & Sage 1007,1735
1008,Shop Vo Hoang Minh,9755
1009,Shop Saffron & Sage 1009,2332
1010,Shop Fashion 1010,7376
1011,Shop Dang Trong Long,5908
1012,Shop Fashion 1012,9445
1013,Shop Nguyen Nha Nam,3668
1014,Shop Le Hong Binh,7183
1015,Shop Huynh Thanh Binh,4488
1016,Shop Accessories 1016,8806
1017,Shop Huynh Hong Cuong,7486
1018,Shop Vo Thanh An,7621
1019,Shop Saffron & Sage 1019,7220
1020,Shop Accessories 1020,6031
1021,Shop Saffron & Sage 1021,3234
1022,Shop Lumina Studio 1022,9347
1023,Shop Accessories 1023,9255
1024,Shop Pham Hong Phuc,7792
1025,Shop Accessories 1025,4009
1026,Shop Saffron & Sage 1026,8626
1027,Shop Pham Thanh Long,1699
1028,Shop Accessories 1028,8244
1029,Shop Saffron & Sage 1029,8232
1030,Shop Fashion 1030,5642
1031,Shop Zestie 1031,2049
1032,Shop Pham Hoang Binh,9258
1033,Shop Hoang Hong Khanh,2227
1034,Shop Fashion 1034,3025
1035,Shop Saffron & Sage 1035,1676
1036,Shop Lumina Studio 1036,7189
1037,Shop Lumina Studio 1037,6026
1038,Shop Pham Hong Long,7463
1039,Shop Lumina Studio 1039,9834
1040,Shop Lumina Studio 1040,3368
1041,Shop Fashion 1041,4939
1042,Shop Tran Hong Phuc,305
1043,Shop Huynh Thanh Phuc,4666
1044,Shop Dang Hoang Khanh,2121
1045,Shop Lumina Studio 1045,6740
1046,Shop Fashion 1046,8304
1047,Shop Zestie 1047,94
1048,Shop Lumina Studio 1048,5791
1049,Shop Fashion 1049,1904
1050,Shop Dang Nha Nam,7383
1051,Shop Zestie 1051,1956
1052,Shop Zestie 1052,370
1053,Shop Pham Trong Phuc,776
1054,Shop Accessories 1054,7430
1055,Shop Pham Trong Minh,319
1056,Shop Dang Thanh Cuong,6303
1057,Shop Zestie 1057,1695
1058,Shop Dang Hong Binh,8256
1059,Shop Zestie 1059,924
1060,Shop Lumina Studio 1060,438
1061,Shop Dang Hoang Khanh,4250
1062,Shop Vo Nha Khanh,7390
1063,Shop Accessories 1063,7641
1064,Shop Vo Hoang Nam,3645
1065,Shop Fashion 1065,2736
1066,Shop Hoang Hoang An,5877
1067,Shop Nguyen Thanh Binh,4455
1068,Shop Tran Trong Huy,9420
1069,Shop Pham Hong Cuong,8417
1070,Shop Accessories 1070,4685
1071,Shop Fashion 1071,3092
1072,Shop Fashion 1072,5649
1073,Shop Tran Hoang Dung,1671
1074,Shop Fashion 1074,7274
1075,Shop Zestie 1075,5086
1076,Shop Accessories 1076,3214
1077,Shop Lumina Studio 1077,437
1078,Shop Huynh Trong An,7970
1079,Shop Saffron & Sage 1079,3071
1080,Shop Saffron & Sage 1080,3445
1081,Shop Saffron & Sage 1081,4541
1082,Shop Le Hong Dung,4306
1083,Shop Zestie 1083,1181
1084,Shop Saffron & Sage 1084,2477
1085,Shop Accessories 1085,3512
1086,Shop Pham Nha Long,306
1087,Shop Pham Nha Phuc,7344
1088,Shop Saffron & Sage 1088,8408
1089,Shop Accessories 1089,6448
1090,Shop Nguyen Thanh Minh,4555
1091,Shop Lumina Studio 1091,6430
1092,Shop Saffron & Sage 1092,6288
1093,Shop Lumina Studio 1093,4706
1094,Shop Zestie 1094,6450
1095,Shop Accessories 1095,5026
1096,Shop Zestie 1096,6470
1097,Shop Vo Trong Minh,175
1098,Shop Lumina Studio 1098,2342
1099,Shop Saffron & Sage 1099,5084
1100,Shop Accessories 1100,8841
1101,Shop Saffron & Sage 1101,4346
1102,Shop Vo Trong Long,2555
1103,Shop Zestie 1103,7970
1104,Shop Vo Trong Phuc,2280
1105,Shop Accessories 1105,8424
1106,Shop Zestie 1106,93
1107,Shop Saffron & Sage 1107,8198
1108,Shop Saffron & Sage 1108,3500
1109,Shop Zestie 1109,4755
1110,Shop Lumina Studio 1110,6750
1111,Shop Dang Hong Khanh,3315
1112,Shop Zestie 1112,2357
1113,Shop Saffron & Sage 1113,586
1114,Shop Lumina Studio 1114,7127
1115,Shop Pham Hoang Binh,1389
1116,Shop Lumina Studio 1116,2907
1117,Shop Dang Thanh Minh,8661
1118,Shop Lumina Studio 1118,8067
1119,Shop Saffron & Sage 1119,8265
1120,Shop Vo Hoang Long,8083
1121,Shop Pham Hong Long,1892
1122,Shop Saffron & Sage 1122,9617
1123,Shop Saffron & Sage 1123,2948
1124,Shop Fashion 1124,8981
1125,Shop Lumina Studio 1125,9271
1126,Shop Zestie 1126,6732
1127,Shop Vo Hoang Cuong,9790
1128,Shop Huynh Thanh Minh,9148
1129,Shop Accessories 1129,4605
1130,Shop Fashion 1130,6283
1131,Shop Hoang Nha Khanh,2750
1132,Shop Zestie 1132,608
1133,Shop Accessories 1133,6672
1134,Shop Pham Thanh Long,9281
1135,Shop Huynh Hoang Long,8304
1136,Shop Saffron & Sage 1136,1965
1137,Shop Pham Trong Huy,6399
1138,Shop Lumina Studio 1138,1287
1139,Shop Huynh Nha Nam,8798
1140,Shop Accessories 1140,6735
1141,Shop Zestie 1141,8738
1142,Shop Lumina Studio 1142,2974
1143,Shop Pham Thanh Long,3102
1144,Shop Saffron & Sage 1144,3626
1145,Shop Nguyen Hoang An,1498
1146,Shop Fashion 1146,756
1147,Shop Fashion 1147,5990
1148,Shop Zestie 1148,9543
1149,Shop Vo Nha Dung,3894
1150,Shop Lumina Studio 1150,1993
1151,Shop Vo Hong Binh,4371
1152,Shop Zestie 1152,7921
1153,Shop Accessories 1153,2591
1154,Shop Dang Trong Huy,7831
1155,Shop Lumina Studio 1155,9957
1156,Shop Lumina Studio 1156,7791
1157,Shop Dang Thanh Dung,981
1158,Shop Accessories 1158,2504
1159,Shop Saffron & Sage 1159,4331
1160,Shop Huynh Nha Khanh,6607
1161,Shop Saffron & Sage 1161,123
1162,Shop Lumina Studio 1162,6937
1163,Shop Nguyen Trong Dung,2747
1164,Shop Tran Hong Minh,381
1165,Shop Lumina Studio 1165,5584
1166,Shop Lumina Studio 1166,5164
1167,Shop Zestie 1167,32
1168,Shop Accessories 1168,1350
1169,Shop Accessories 1169,9096
1170,Shop Lumina Studio 1170,6016
1171,Shop Fashion 1171,9919
1172,Shop Le Hoang Binh,8972
1173,Shop Lumina Studio 1173,5739
1174,Shop Tran Hong Long,3334
1175,Shop Fashion 1175,5552
1176,Shop Vo Trong Binh,7572
1177,Shop Dang Nha Binh,3973
1178,Shop Hoang Thanh Dung,607
1179,Shop Saffron & Sage 1179,8960
1180,Shop Accessories 1180,4354
1181,Shop Lumina Studio 1181,3659
1182,Shop Saffron & Sage 1182,4151
1183,Shop Saffron & Sage 1183,5945
1184,Shop Fashion 1184,7235
1185,Shop Fashion 1185,6593
1186,Shop Nguyen Trong An,5546
1187,Shop Pham Nha Cuong,7897
1188,Shop Lumina Studio 1188,7117
1189,Shop Zestie 1189,3438
1190,Shop Tran Thanh Minh,7373
1191,Shop Pham Trong Long,9017
1192,Shop Dang Hoang Nam,2055
1193,Shop Fashion 1193,8114
1194,Shop Pham Thanh Long,9281
1195,Shop Tran Thanh Nam,7339
1196,Shop Tran Thanh Cuong,9049
1197,Shop Le Thanh Nam,1483
1198,Shop Nguyen Trong An,567
1199,Shop Huynh Hong Phuc,4169
1200,Shop Accessories 1200,4326
1201,Shop Saffron & Sage 1201,1953
1202,Shop Fashion 1202,180
1203,Shop Accessories 1203,771
1204,Shop Saffron & Sage 1204,3103
1205,Shop Saffron & Sage 1205,6359
1206,Shop Accessories 1206,9921
1207,Shop Saffron & Sage 1207,6015
1208,Shop Pham Hoang Minh,7445
1209,Shop Fashion 1209,7158
1210,Shop Tran Trong Binh,5445
1211,Shop Vo Thanh Dung,9129
1212,Shop Hoang Hoang Binh,6768
1213,Shop Accessories 1213,6542
1214,Shop Fashion 1214,6324
1215,Shop Hoang Trong An,953
1216,Shop Lumina Studio 1216,5452
1217,Shop Pham Hong An,5048
1218,Shop Zestie 1218,5374
1219,Shop Saffron & Sage 1219,1546
1220,Shop Pham Hoang Minh,2369
1221,Shop Pham Nha Long,5179
1222,Shop Huynh Trong Huy,2080
1223,Shop Zestie 1223,6623
1224,Shop Tran Hoang Binh,7201
1225,Shop Hoang Thanh Huy,4771
1226,Shop Saffron & Sage 1226,3647
1227,Shop Fashion 1227,8113
1228,Shop Saffron & Sage 1228,2231
1229,Shop Saffron & Sage 1229,1893
1230,Shop Lumina Studio 1230,8992
1231,Shop Dang Thanh Cuong,3528
1232,Shop Zestie 1232,1866
1233,Shop Saffron & Sage 1233,7543
1234,Shop Lumina Studio 1234,1017
1235,Shop Pham Nha Phuc,5781
1236,Shop Lumina Studio 1236,7551
1237,Shop Vo Hoang Phuc,4874
1238,Shop Hoang Hoang Cuong,7073
1239,Shop Zestie 1239,5820
1240,Shop Zestie 1240,8678
1241,Shop Huynh Hong Cuong,359
1242,Shop Vo Hoang Huy,3330
1243,Shop Fashion 1243,7962
1244,Shop Hoang Hong Long,7775
1245,Shop Lumina Studio 1245,1793
1246,Shop Vo Trong Binh,8307
1247,Shop Lumina Studio 1247,1728
1248,Shop Fashion 1248,5851
1249,Shop Fashion 1249,8698
1250,Shop Lumina Studio 1250,2380
1251,Shop Lumina Studio 1251,6980
1252,Shop Huynh Thanh Dung,1452
1253,Shop Lumina Studio 1253,2609
1254,Shop Lumina Studio 1254,217
1255,Shop Le Thanh Dung,3081
1256,Shop Nguyen Trong Cuong,8564
1257,Shop Huynh Hong An,2218
1258,Shop Huynh Thanh Minh,5453
1259,Shop Saffron & Sage 1259,1838
1260,Shop Lumina Studio 1260,8564
1261,Shop Lumina Studio 1261,2736
1262,Shop Zestie 1262,6382
1263,Shop Accessories 1263,923
1264,Shop Saffron & Sage 1264,2751
1265,Shop Zestie 1265,9009
1266,Shop Accessories 1266,1348
1267,Shop Vo Nha Cuong,3821
1268,Shop Accessories 1268,6825
1269,Shop Lumina Studio 1269,5180
1270,Shop Vo Thanh Huy,6547
1271,Shop Accessories 1271,2774
1272,Shop Lumina Studio 1272,6026
1273,Shop Fashion 1273,9025
1274,Shop Lumina Studio 1274,376
1275,Shop Accessories 1275,7193
1276,Shop Dang Thanh Nam,1161
1277,Shop Nguyen Hong Huy,1515
1278,Shop Pham Hoang Huy,2143
1279,Shop Huynh Hong Huy,2614
1280,Shop Le Trong Huy,8008
1281,Shop Saffron & Sage 1281,5222
1282,Shop Lumina Studio 1282,5729
1283,Shop Pham Hong Minh,9144
1284,Shop Le Hoang Binh,8859
1285,Shop Accessories 1285,1551
1286,Shop Saffron & Sage 1286,836
1287,Shop Accessories 1287,7352
1288,Shop Vo Thanh An,3843
1289,Shop Nguyen Trong Binh,9334
1290,Shop Lumina Studio 1290,2628
1291,Shop Saffron & Sage 1291,5335
1292,Shop Fashion 1292,1913
1293,Shop Fashion 1293,3024
1294,Shop Zestie 1294,5857
1295,Shop Huynh Hoang Long,4613
1296,Shop Saffron & Sage 1296,522
1297,Shop Fashion 1297,2048
1298,Shop Pham Nha Dung,7055
1299,Shop Accessories 1299,9360
1300,Shop Accessories 1300,5628
1301,Shop Saffron & Sage 1301,1644
1302,Shop Pham Thanh Cuong,4627
1303,Shop Hoang Nha Phuc,950
1304,Shop Accessories 1304,6278
1305,Shop Saffron & Sage 1305,6103
1306,Shop Vo Nha Cuong,5287
1307,Shop Zestie 1307,4994
1308,Shop Tran Trong An,2689
1309,Shop Lumina Studio 1309,4125
1310,Shop Vo Thanh Khanh,6026
1311,Shop Accessories 1311,8045
1312,Shop Vo Trong Nam,9338
1313,Shop Nguyen Thanh Binh,3086
1314,Shop Huynh Nha Nam,4088
1315,Shop Tran Thanh Long,2258
1316,Shop Tran Thanh Huy,5511
1317,Shop Huynh Nha Phuc,2371
1318,Shop Accessories 1318,4882
1319,Shop Accessories 1319,8829
1320,Shop Accessories 1320,9135
1321,Shop Saffron & Sage 1321,5095
1322,Shop Vo Nha Cuong,2859
1323,Shop Saffron & Sage 1323,962
1324,Shop Le Thanh Dung,3736
1325,Shop Lumina Studio 1325,9255
1326,Shop Saffron & Sage 1326,6545
1327,Shop Lumina Studio 1327,1839
1328,Shop Lumina Studio 1328,6168
1329,Shop Accessories 1329,1457
1330,Shop Saffron & Sage 1330,8219
1331,Shop Accessories 1331,3954
1332,Shop Vo Hong Long,2765
1333,Shop Saffron & Sage 1333,6811
1334,Shop Fashion 1334,33
1335,Shop Le Thanh Nam,4044
1336,Shop Tran Thanh An,9219
1337,Shop Saffron & Sage 1337,6770
1338,Shop Huynh Trong An,3404
1339,Shop Saffron & Sage 1339,9383
1340,Shop Lumina Studio 1340,4390
1341,Shop Zestie 1341,9742
1342,Shop Tran Thanh Huy,7184
1343,Shop Zestie 1343,4340
1344,Shop Accessories 1344,3912
1345,Shop Dang Hong Dung,7380
1346,Shop Fashion 1346,9051
1347,Shop Huynh Nha An,2018
1348,Shop Lumina Studio 1348,6471
1349,Shop Accessories 1349,5679
1350,Shop Lumina Studio 1350,9218
1351,Shop Saffron & Sage 1351,584
1352,Shop Nguyen Hoang Binh,7237
1353,Shop Vo Thanh Nam,1141
1354,Shop Nguyen Trong Nam,2443
1355,Shop Saffron & Sage 1355,2356
1356,Shop Dang Thanh Huy,8390
1357,Shop Accessories 1357,2466
1358,Shop Le Hoang Huy,3479
1359,Shop Huynh Thanh Dung,2592
1360,Shop Nguyen Hoang Huy,9569
1361,Shop Zestie 1361,5030
1362,Shop Pham Thanh Nam,7509
1363,Shop Lumina Studio 1363,8523
1364,Shop Saffron & Sage 1364,685
1365,Shop Hoang Thanh Long,4909
1366,Shop Accessories 1366,8185
1367,Shop Saffron & Sage 1367,1865
1368,Shop Huynh Nha An,5548
1369,Shop Lumina Studio 1369,4132
1370,Shop Pham Thanh Huy,4030
1371,Shop Saffron & Sage 1371,5749
1372,Shop Vo Hong Dung,9702
1373,Shop Tran Hoang Phuc,5953
1374,Shop Saffron & Sage 1374,3316
1375,Shop Saffron & Sage 1375,3663
1376,Shop Pham Hong Binh,8153
1377,Shop Saffron & Sage 1377,7826
1378,Shop Le Thanh Phuc,4807
1379,Shop Hoang Thanh Cuong,6166
1380,Shop Pham Thanh Phuc,9499
1381,Shop Saffron & Sage 1381,5080
1382,Shop Saffron & Sage 1382,133
1383,Shop Fashion 1383,9217
1384,Shop Accessories 1384,9442
1385,Shop Saffron & Sage 1385,1808
1386,Shop Huynh Nha An,9222
1387,Shop Saffron & Sage 1387,3458
1388,Shop Saffron & Sage 1388,4433
1389,Shop Lumina Studio 1389,3426
1390,Shop Fashion 1390,4862
1391,Shop Huynh Hoang Phuc,3745
1392,Shop Saffron & Sage 1392,1313
1393,Shop Pham Hoang Binh,7057
1394,Shop Fashion 1394,1422
1395,Shop Dang Thanh Binh,5218
1396,Shop Lumina Studio 1396,588
1397,Shop Saffron & Sage 1397,5733
1398,Shop Accessories 1398,2510
1399,Shop Accessories 1399,123
1400,Shop Fashion 1400,1415
1401,Shop Lumina Studio 1401,2747
1402,Shop Huynh Thanh Binh,6576
1403,Shop Huynh Nha Phuc,7397
1404,Shop Fashion 1404,4811
1405,Shop Lumina Studio 1405,7109
1406,Shop Le Thanh Huy,36
1407,Shop Hoang Nha Huy,2493
1408,Shop Zestie 1408,6731
1409,Shop Lumina Studio 1409,1183
1410,Shop Zestie 1410,5391
1411,Shop Hoang Hoang Huy,6723
1412,Shop Tran Trong Khanh,6223
1413,Shop Fashion 1413,6562
1414,Shop Fashion 1414,814
1415,Shop Tran Trong Dung,2855
1416,Shop Pham Nha Nam,4723
1417,Shop Saffron & Sage 1417,7635
1418,Shop Accessories 1418,1771
1419,Shop Lumina Studio 1419,6211
1420,Shop Zestie 1420,6446
1421,Shop Vo Thanh An,4303
1422,Shop Tran Thanh An,8167
1423,Shop Saffron & Sage 1423,6890
1424,Shop Dang Nha Khanh,6485
1425,Shop Lumina Studio 1425,2322
1426,Shop Fashion 1426,8732
1427,Shop Dang Hoang Long,5983
1428,Shop Dang Thanh Huy,5498
1429,Shop Fashion 1429,4861
1430,Shop Vo Hoang Nam,1031
1431,Shop Zestie 1431,1701
1432,Shop Fashion 1432,7626
1433,Shop Lumina Studio 1433,5111
1434,Shop Zestie 1434,80
1435,Shop Pham Thanh Minh,4987
1436,Shop Fashion 1436,3019
1437,Shop Zestie 1437,6396
1438,Shop Pham Trong Minh,1504
1439,Shop Fashion 1439,5058
1440,Shop Accessories 1440,5520
1441,Shop Pham Hong Binh,8556
1442,Shop Dang Trong Dung,2821
1443,Shop Lumina Studio 1443,3748
1444,Shop Zestie 1444,9148
1445,Shop Zestie 1445,6059
1446,Shop Vo Trong Phuc,5335
1447,Shop Lumina Studio 1447,5683
1448,Shop Huynh Hoang Long,82
1449,Shop Nguyen Hong Long,6609
1450,Shop Huynh Trong Phuc,75
1451,Shop Zestie 1451,4654
1452,Shop Fashion 1452,6865
1453,Shop Pham Nha Phuc,7344
1454,Shop Lumina Studio 1454,6556
1455,Shop Le Thanh Dung,4546
1456,Shop Accessories 1456,8374
1457,Shop Zestie 1457,2477
1458,Shop Accessories 1458,8319
1459,Shop Saffron & Sage 1459,1388
1460,Shop Lumina Studio 1460,4801
1461,Shop Le Hoang An,7723
1462,Shop Zestie 1462,5070
1463,Shop Accessories 1463,5498
1464,Shop Accessories 1464,5876
1465,Shop Accessories 1465,345
1466,Shop Accessories 1466,1102
1467,Shop Lumina Studio 1467,2689
1468,Shop Accessories 1468,9325
1469,Shop Le Nha Nam,2812
1470,Shop Lumina Studio 1470,2411
1471,Shop Accessories 1471,7167
1472,Shop Accessories 1472,7189
1473,Shop Zestie 1473,8183
1474,Shop Hoang Hong Minh,1711
1475,Shop Le Nha Huy,80
1476,Shop Lumina Studio 1476,3689
1477,Shop Lumina Studio 1477,5223
1478,Shop Tran Hong Cuong,7412
1479,Shop Accessories 1479,7228
1480,Shop Le Hong Minh,1314
1481,Shop Hoang Thanh Dung,607
1482,Shop Saffron & Sage 1482,1454
1483,Shop Hoang Thanh Nam,208
1484,Shop Nguyen Trong Huy,1028
1485,Shop Hoang Hong Nam,4794
1486,Shop Lumina Studio 1486,3936
1487,Shop Le Thanh Khanh,4040
1488,Shop Accessories 1488,6179
1489,Shop Vo Nha Cuong,7276
1490,Shop Saffron & Sage 1490,1405
1491,Shop Lumina Studio 1491,173
1492,Shop Accessories 1492,2651
1493,Shop Dang Trong An,4767
1494,Shop Huynh Trong Cuong,8494
1495,Shop Accessories 1495,2298
1496,Shop Lumina Studio 1496,5852
1497,Shop Accessories 1497,4857
1498,Shop Pham Nha Phuc,7344
1499,Shop Huynh Hoang Huy,7352
1500,Shop Nguyen Nha Phuc,4103
1501,Shop Saffron & Sage 1501,4726
1502,Shop Vo Trong Binh,7572
1503,Shop Pham Hoang Cuong,668
1504,Shop Fashion 1504,9980
1505,Shop Lumina Studio 1505,1266
1506,Shop Fashion 1506,9994
1507,Shop Saffron & Sage 1507,5519
1508,Shop Dang Nha Nam,8634
1509,Shop Zestie 1509,5446
1510,Shop Dang Hoang Khanh,9078
1511,Shop Lumina Studio 1511,6469
1512,Shop Zestie 1512,4977
1513,Shop Fashion 1513,8004
1514,Shop Zestie 1514,7240
1515,Shop Dang Nha Cuong,8625
1516,Shop Zestie 1516,7398
1517,Shop Saffron & Sage 1517,4399
1518,Shop Tran Hoang Minh,59
1519,Shop Tran Hoang An,7064
1520,Shop Lumina Studio 1520,5025
1521,Shop Nguyen Hong An,4609
1522,Shop Accessories 1522,3072
1523,Shop Accessories 1523,8883
1524,Shop Zestie 1524,3283
1525,Shop Accessories 1525,2999
1526,Shop Hoang Thanh Cuong,5651
1527,Shop Pham Hoang Huy,3640
1528,Shop Accessories 1528,8892
1529,Shop Fashion 1529,3538
1530,Shop Accessories 1530,6602
1531,Shop Nguyen Hong Phuc,6071
1532,Shop Saffron & Sage 1532,5989
1533,Shop Huynh Thanh An,6089
1534,Shop Accessories 1534,3060
1535,Shop Lumina Studio 1535,1357
1536,Shop Nguyen Hong Nam,6559
1537,Shop Accessories 1537,53
1538,Shop Hoang Nha Cuong,8028
1539,Shop Vo Hong Cuong,7164
1540,Shop Nguyen Trong Dung,1787
1541,Shop Fashion 1541,8566
1542,Shop Fashion 1542,2923
1543,Shop Fashion 1543,1236
1544,Shop Huynh Hong Phuc,5033
1545,Shop Lumina Studio 1545,1683
1546,Shop Dang Trong Khanh,9509
1547,Shop Lumina Studio 1547,3557
1548,Shop Hoang Trong Long,5497
1549,Shop Saffron & Sage 1549,1032
1550,Shop Zestie 1550,3047
1551,Shop Zestie 1551,771
1552,Shop Fashion 1552,707
1553,Shop Fashion 1553,6434
1554,Shop Le Nha Minh,3610
1555,Shop Hoang Trong Nam,2257
1556,Shop Fashion 1556,8328
1557,Shop Dang Hong Minh,1158
1558,Shop Dang Trong Khanh,5826
1559,Shop Hoang Thanh Khanh,2947
1560,Shop Dang Hoang Binh,5150
1561,Shop Huynh Thanh Minh,5007
1562,Shop Lumina Studio 1562,5523
1563,Shop Saffron & Sage 1563,634
1564,Shop Vo Hoang An,7586
1565,Shop Zestie 1565,6802
1566,Shop Saffron & Sage 1566,2645
1567,Shop Vo Thanh Khanh,8071
1568,Shop Huynh Thanh Khanh,2066
1569,Shop Fashion 1569,9412
1570,Shop Pham Trong An,5950
1571,Shop Fashion 1571,3709
1572,Shop Lumina Studio 1572,49
1573,Shop Fashion 1573,8641
1574,Shop Zestie 1574,1901
1575,Shop Huynh Nha Huy,1495
1576,Shop Lumina Studio 1576,836
1577,Shop Pham Thanh Khanh,3523
1578,Shop Zestie 1578,2861
1579,Shop Zestie 1579,5457
1580,Shop Fashion 1580,2429
1581,Shop Zestie 1581,9033
1582,Shop Nguyen Nha Nam,4317
1583,Shop Fashion 1583,9809
1584,Shop Accessories 1584,5649
1585,Shop Zestie 1585,5889
1586,Shop Lumina Studio 1586,2217
1587,Shop Zestie 1587,653
1588,Shop Fashion 1588,9009
1589,Shop Saffron & Sage 1589,3137
1590,Shop Hoang Thanh Binh,9773
1591,Shop Fashion 1591,8307
1592,Shop Dang Trong Long,725
1593,Shop Accessories 1593,5590
1594,Shop Fashion 1594,3979
1595,Shop Lumina Studio 1595,2498
1596,Shop Tran Hong Huy,5148
1597,Shop Zestie 1597,6872
1598,Shop Vo Thanh Binh,6460
1599,Shop Vo Nha Dung,4275
1600,Shop Zestie 1600,5650
1601,Shop Nguyen Nha Huy,828
1602,Shop Fashion 1602,3012
1603,Shop Saffron & Sage 1603,3637
1604,Shop Nguyen Hoang Khanh,6061
1605,Shop Hoang Hoang Binh,2808
1606,Shop Saffron & Sage 1606,4253
1607,Shop Lumina Studio 1607,331
1608,Shop Pham Trong Nam,7652
1609,Shop Saffron & Sage 1609,3368
1610,Shop Le Nha Binh,1747
1611,Shop Pham Hoang An,6420
1612,Shop Fashion 1612,6264
1613,Shop Dang Hoang Nam,4093
1614,Shop Pham Nha Dung,4002
1615,Shop Lumina Studio 1615,5152
1616,Shop Lumina Studio 1616,3349
1617,Shop Dang Trong An,4733
1618,Shop Dang Thanh Long,3204
1619,Shop Zestie 1619,8153
1620,Shop Lumina Studio 1620,1968
1621,Shop Fashion 1621,1887
1622,Shop Fashion 1622,5727
1623,Shop Saffron & Sage 1623,4780
1624,Shop Accessories 1624,2245
1625,Shop Fashion 1625,3271
1626,Shop Zestie 1626,6396
1627,Shop Tran Hong Phuc,7834
1628,Shop Lumina Studio 1628,727
1629,Shop Saffron & Sage 1629,4257
1630,Shop Accessories 1630,3665
1631,Shop Nguyen Trong Nam,6665
1632,Shop Accessories 1632,7297
1633,Shop Lumina Studio 1633,3423
1634,Shop Dang Hoang Dung,5732
1635,Shop Pham Nha Dung,7054
1636,Shop Accessories 1636,9344
1637,Shop Huynh Trong Minh,2036
1638,Shop Vo Nha Nam,4685
1639,Shop Pham Hoang Cuong,7338
1640,Shop Huynh Trong Nam,6291
1641,Shop Zestie 1641,5633
1642,Shop Saffron & Sage 1642,1332
1643,Shop Accessories 1643,6640
1644,Shop Hoang Hoang Khanh,7186
1645,Shop Fashion 1645,8836
1646,Shop Accessories 1646,4507
1647,Shop Lumina Studio 1647,5313
1648,Shop Fashion 1648,7763
1649,Shop Lumina Studio 1649,8634
1650,Shop Tran Hoang Minh,903
1651,Shop Pham Nha Nam,3019
1652,Shop Tran Hoang Cuong,129
1653,Shop Fashion 1653,6347
1654,Shop Accessories 1654,6001
1655,Shop Nguyen Trong Khanh,947
1656,Shop Nguyen Hong Binh,8175
1657,Shop Tran Hong Binh,5071
1658,Shop Huynh Nha Binh,636
1659,Shop Accessories 1659,4318
1660,Shop Zestie 1660,7629
1661,Shop Zestie 1661,6479
1662,Shop Le Thanh Long,8246
1663,Shop Accessories 1663,791
1664,Shop Accessories 1664,5463
1665,Shop Le Hong An,9088
1666,Shop Fashion 1666,1632
1667,Shop Hoang Trong Nam,754
1668,Shop Pham Nha Khanh,5105
1669,Shop Hoang Hong Binh,5419
1670,Shop Huynh Hong Huy,1640
1671,Shop Fashion 1671,5941
1672,Shop Lumina Studio 1672,3736
1673,Shop Zestie 1673,1023
1674,Shop Vo Hong Nam,5847
1675,Shop Fashion 1675,5655
1676,Shop Vo Hoang Minh,7447
1677,Shop Fashion 1677,4125
1678,Shop Le Trong Cuong,2125
1679,Shop Fashion 1679,5019
1680,Shop Lumina Studio 1680,5908
1681,Shop Lumina Studio 1681,3146
1682,Shop Accessories 1682,7314
1683,Shop Tran Nha Dung,1228
1684,Shop Lumina Studio 1684,5164
1685,Shop Zestie 1685,301
1686,Shop Hoang Nha Dung,924
1687,Shop Lumina Studio 1687,5457
1688,Shop Zestie 1688,7562
1689,Shop Pham Hoang Long,4699
1690,Shop Saffron & Sage 1690,9044
1691,Shop Saffron & Sage 1691,4762
1692,Shop Zestie 1692,6773
1693,Shop Tran Trong Huy,8584
1694,Shop Zestie 1694,9287
1695,Shop Dang Thanh Minh,2815
1696,Shop Lumina Studio 1696,5481
1697,Shop Fashion 1697,361
1698,Shop Dang Hong An,7558
1699,Shop Accessories 1699,9411
1700,Shop Lumina Studio 1700,2521
1701,Shop Saffron & Sage 1701,6785
1702,Shop Tran Thanh An,5643
1703,Shop Le Nha Huy,2083
1704,Shop Accessories 1704,1995
1705,Shop Le Nha Huy,5788
1706,Shop Saffron & Sage 1706,3141
1707,Shop Pham Nha Dung,2024
1708,Shop Le Thanh Nam,6306
1709,Shop Le Hong Phuc,3905
1710,Shop Tran Hoang Cuong,5423
1711,Shop Tran Hong Dung,7247
1712,Shop Dang Nha Minh,9978
1713,Shop Nguyen Hong Minh,840
1714,Shop Zestie 1714,2452
1715,Shop Saffron & Sage 1715,33
1716,Shop Vo Nha Khanh,1237
1717,Shop Dang Nha Nam,229
1718,Shop Fashion 1718,1791
1719,Shop Fashion 1719,5788
1720,Shop Hoang Nha Nam,1680
1721,Shop Fashion 1721,2098
1722,Shop Tran Nha Binh,9434
1723,Shop Lumina Studio 1723,4926
1724,Shop Accessories 1724,1504
1725,Shop Fashion 1725,4295
1726,Shop Accessories 1726,8821
1727,Shop Fashion 1727,905
1728,Shop Nguyen Hoang Khanh,9082
1729,Shop Saffron & Sage 1729,2479
1730,Shop Dang Nha Minh,41
1731,Shop Lumina Studio 1731,4640
1732,Shop Huynh Thanh Dung,5800
1733,Shop Zestie 1733,8949
1734,Shop Fashion 1734,6205
1735,Shop Le Nha Huy,7309
1736,Shop Accessories 1736,9453
1737,Shop Fashion 1737,8258
1738,Shop Lumina Studio 1738,6260
1739,Shop Saffron & Sage 1739,6730
1740,Shop Lumina Studio 1740,1278
1741,Shop Accessories 1741,1718
1742,Shop Zestie 1742,2237
1743,Shop Vo Thanh Huy,783
1744,Shop Le Trong Khanh,7085
1745,Shop Lumina Studio 1745,9394
1746,Shop Nguyen Trong Nam,2380
1747,Shop Accessories 1747,5185
1748,Shop Accessories 1748,9161
1749,Shop Fashion 1749,1487
1750,Shop Vo Hong Nam,8219
1751,Shop Dang Trong Binh,4181
1752,Shop Lumina Studio 1752,6174
1753,Shop Saffron & Sage 1753,8227
1754,Shop Le Trong Nam,3020
1755,Shop Huynh Nha An,3002
1756,Shop Dang Nha Long,618
1757,Shop Fashion 1757,9383
1758,Shop Dang Hoang Huy,4671
1759,Shop Huynh Hoang Binh,1688
1760,Shop Hoang Nha Huy,3083
1761,Shop Accessories 1761,614
1762,Shop Tran Thanh Long,1603
1763,Shop Saffron & Sage 1763,2270
1764,Shop Accessories 1764,9973
1765,Shop Accessories 1765,4374
1766,Shop Fashion 1766,103
1767,Shop Nguyen Hoang Huy,9569
1768,Shop Vo Thanh Long,1775
1769,Shop Accessories 1769,7906
1770,Shop Zestie 1770,7063
1771,Shop Zestie 1771,9321
1772,Shop Saffron & Sage 1772,1224
1773,Shop Accessories 1773,3665
1774,Shop Tran Trong Binh,969
1775,Shop Saffron & Sage 1775,4026
1776,Shop Hoang Hoang Dung,7791
1777,Shop Hoang Thanh Dung,1242
1778,Shop Zestie 1778,5977
1779,Shop Accessories 1779,2330
1780,Shop Huynh Nha Khanh,6833
1781,Shop Huynh Hoang Cuong,5914
1782,Shop Lumina Studio 1782,49
1783,Shop Accessories 1783,2994
1784,Shop Hoang Hoang Binh,1149
1785,Shop Accessories 1785,9850
1786,Shop Zestie 1786,7172
1787,Shop Lumina Studio 1787,8985
1788,Shop Pham Thanh Khanh,9349
1789,Shop Le Thanh An,3060
1790,Shop Accessories 1790,4120
1791,Shop Fashion 1791,1849
1792,Shop Zestie 1792,9326
1793,Shop Zestie 1793,2981
1794,Shop Hoang Trong Minh,5247
1795,Shop Tran Hong Khanh,7641
1796,Shop Le Nha Huy,5138
1797,Shop Tran Thanh Dung,9093
1798,Shop Pham Nha Nam,4863
1799,Shop Hoang Hong Minh,1238
1800,Shop Nguyen Thanh Minh,1258
1801,Shop Fashion 1801,6319
1802,Shop Le Thanh Huy,2272
1803,Shop Lumina Studio 1803,6609
1804,Shop Huynh Hong Cuong,6058
1805,Shop Saffron & Sage 1805,4454
1806,Shop Le Trong Huy,487
1807,Shop Tran Hong Dung,6549
1808,Shop Zestie 1808,8497
1809,Shop Fashion 1809,5202
1810,Shop Lumina Studio 1810,8890
1811,Shop Saffron & Sage 1811,2969
1812,Shop Saffron & Sage 1812,6580
1813,Shop Saffron & Sage 1813,7217
1814,Shop Zestie 1814,5854
1815,Shop Zestie 1815,2997
1816,Shop Accessories 1816,4418
1817,Shop Hoang Hoang Minh,5811
1818,Shop Zestie 1818,9178
1819,Shop Accessories 1819,4744
1820,Shop Lumina Studio 1820,6264
1821,Shop Lumina Studio 1821,5993
1822,Shop Saffron & Sage 1822,3658
1823,Shop Accessories 1823,7222
1824,Shop Fashion 1824,2358
1825,Shop Nguyen Hong Huy,845
1826,Shop Lumina Studio 1826,9941
1827,Shop Zestie 1827,7374
1828,Shop Nguyen Nha Khanh,1079
1829,Shop Huynh Thanh Binh,682
1830,Shop Pham Trong Khanh,9522
1831,Shop Fashion 1831,3135
1832,Shop Lumina Studio 1832,5843
1833,Shop Tran Hoang Minh,594
1834,Shop Nguyen Thanh An,600
1835,Shop Hoang Hoang Nam,9477
1836,Shop Zestie 1836,1252
1837,Shop Zestie 1837,4734
1838,Shop Accessories 1838,1172
1839,Shop Saffron & Sage 1839,6329
1840,Shop Tran Thanh Dung,2202
1841,Shop Fashion 1841,623
1842,Shop Saffron & Sage 1842,9003
1843,Shop Accessories 1843,935
1844,Shop Accessories 1844,6140
1845,Shop Lumina Studio 1845,3709
1846,Shop Saffron & Sage 1846,6971
1847,Shop Hoang Hoang Khanh,3136
1848,Shop Tran Trong Huy,4402
1849,Shop Accessories 1849,217
1850,Shop Dang Nha Khanh,5144
1851,Shop Vo Hong Huy,5053
1852,Shop Lumina Studio 1852,7054
1853,Shop Saffron & Sage 1853,3949
1854,Shop Lumina Studio 1854,760
1855,Shop Zestie 1855,4250
1856,Shop Lumina Studio 1856,4564
1857,Shop Huynh Trong An,420
1858,Shop Nguyen Nha Minh,8642
1859,Shop Zestie 1859,1523
1860,Shop Lumina Studio 1860,5957
1861,Shop Tran Hong Khanh,3455
1862,Shop Saffron & Sage 1862,9015
1863,Shop Accessories 1863,6933
1864,Shop Huynh Hong Khanh,8045
1865,Shop Tran Hong Huy,8387
1866,Shop Zestie 1866,2798
1867,Shop Accessories 1867,8307
1868,Shop Accessories 1868,5771
1869,Shop Tran Hong Phuc,9023
1870,Shop Saffron & Sage 1870,3260
1871,Shop Accessories 1871,7096
1872,Shop Fashion 1872,4914
1873,Shop Fashion 1873,3018
1874,Shop Zestie 1874,123
1875,Shop Saffron & Sage 1875,2045
1876,Shop Le Hoang An,8275
1877,Shop Saffron & Sage 1877,4250
1878,Shop Nguyen Hoang Nam,2825
1879,Shop Saffron & Sage 1879,4673
1880,Shop Nguyen Trong Phuc,9894
1881,Shop Nguyen Nha Binh,3175
1882,Shop Lumina Studio 1882,3216
1883,Shop Tran Thanh An,1477
1884,Shop Fashion 1884,2121
1885,Shop Accessories 1885,7983
1886,Shop Zestie 1886,1593
1887,Shop Accessories 1887,2793
1888,Shop Zestie 1888,5194
1889,Shop Fashion 1889,7192
1890,Shop Le Trong Dung,5727
1891,Shop Lumina Studio 1891,7712
1892,Shop Accessories 1892,4860
1893,Shop Zestie 1893,7334
1894,Shop Lumina Studio 1894,8760
1895,Shop Huynh Nha Binh,4508
1896,Shop Huynh Hoang Khanh,5913
1897,Shop Dang Thanh Long,4408
1898,Shop Le Trong Nam,4675
1899,Shop Saffron & Sage 1899,949
1900,Shop Vo Nha Huy,8907
1901,Shop Saffron & Sage 1901,8141
1902,Shop Accessories 1902,3005
1903,Shop Nguyen Hoang An,6890
1904,Shop Lumina Studio 1904,5513
1905,Shop Le Trong An,7078
1906,Shop Fashion 1906,2972
1907,Shop Dang Hoang Cuong,7542
1908,Shop Dang Hoang Khanh,8362
1909,Shop Lumina Studio 1909,1133
1910,Shop Accessories 1910,23
1911,Shop Pham Nha Nam,6658
1912,Shop Saffron & Sage 1912,8313
1913,Shop Accessories 1913,9124
1914,Shop Saffron & Sage 1914,7970
1915,Shop Vo Trong Huy,4020
1916,Shop Vo Nha Long,4114
1917,Shop Accessories 1917,9646
1918,Shop Accessories 1918,9026
1919,Shop Lumina Studio 1919,6921
1920,Shop Hoang Nha Long,6137
1921,Shop Nguyen Trong Phuc,8884
1922,Shop Zestie 1922,7748
1923,Shop Accessories 1923,2807
1924,Shop Nguyen Hoang Minh,421
1925,Shop Saffron & Sage 1925,9609
1926,Shop Lumina Studio 1926,7559
1927,Shop Accessories 1927,4205
1928,Shop Pham Trong Phuc,688
1929,Shop Zestie 1929,2844
1930,Shop Saffron & Sage 1930,9672
1931,Shop Saffron & Sage 1931,8232
1932,Shop Le Hoang Dung,8626
1933,Shop Vo Nha Long,2900
1934,Shop Lumina Studio 1934,19
1935,Shop Fashion 1935,1166
1936,Shop Fashion 1936,603
1937,Shop Le Hoang Long,7265
1938,Shop Fashion 1938,42
1939,Shop Fashion 1939,2294
1940,Shop Fashion 1940,3024
1941,Shop Tran Trong Huy,1644
1942,Shop Vo Hong An,1130
1943,Shop Nguyen Trong Huy,3965
1944,Shop Huynh Hong Dung,9919
1945,Shop Fashion 1945,6406
1946,Shop Huynh Hoang Long,699
1947,Shop Huynh Thanh Khanh,4774
1948,Shop Zestie 1948,6060
1949,Shop Vo Trong Long,4739
1950,Shop Tran Nha Binh,9434
1951,Shop Zestie 1951,6764
1952,Shop Lumina Studio 1952,3439
1953,Shop Zestie 1953,7626
1954,Shop Nguyen Thanh Nam,9537
1955,Shop Zestie 1955,3923
1956,Shop Nguyen Trong Cuong,4282
1957,Shop Lumina Studio 1957,7453
1958,Shop Pham Hong Binh,4684
1959,Shop Accessories 1959,6650
1960,Shop Le Thanh Khanh,1059
1961,Shop Pham Trong Minh,8749
1962,Shop Zestie 1962,320
1963,Shop Lumina Studio 1963,7676
1964,Shop Saffron & Sage 1964,8900
1965,Shop Zestie 1965,8737
1966,Shop Lumina Studio 1966,1097
1967,Shop Dang Nha Minh,6785
1968,Shop Accessories 1968,8772
1969,Shop Dang Hoang Long,4215
1970,Shop Vo Hoang Nam,7453
1971,Shop Lumina Studio 1971,6935
1972,Shop Tran Trong Nam,7903
1973,Shop Dang Hoang Dung,6185
1974,Shop Nguyen Hoang Binh,9210
1975,Shop Lumina Studio 1975,1198
1976,Shop Accessories 1976,4089
1977,Shop Fashion 1977,8013
1978,Shop Huynh Hoang Phuc,9695
1979,Shop Fashion 1979,2053
1980,Shop Fashion 1980,9290
1981,Shop Zestie 1981,2181
1982,Shop Accessories 1982,3891
1983,Shop Zestie 1983,6923
1984,Shop Dang Hoang Huy,3093
1985,Shop Nguyen Trong Cuong,5844
1986,Shop Fashion 1986,9691
1987,Shop Pham Hoang Long,8620
1988,Shop Fashion 1988,3561
1989,Shop Pham Thanh An,99
1990,Shop Tran Hoang Long,4290
1991,Shop Le Nha Phuc,3143
1992,Shop Zestie 1992,553
1993,Shop Zestie 1993,6407
1994,Shop Zestie 1994,7964
1995,Shop Zestie 1995,8288
1996,Shop Fashion 1996,6842
1997,Shop Accessories 1997,8296
1998,Shop Pham Nha Nam,9161
1999,Shop Vo Thanh Minh,2199
2000,Shop Zestie 2000,8211
